X.,Name,Type.1,Type.2,Total,HP,Attack,Defense,Sp..Atk,Sp..Def,Speed,Generation,Legendary,Mega,Tier,Lowest Stat,MaxOffenseStat,MaxDefenseStat,Standard Deviation,MaxMinDiff
384,Mega Rayquaza,Dragon,Flying,780,105,180,100,180,100,115,3,TRUE,TRUE,AG,100,180,100,41.53311931,80
94,Mega Gengar,Ghost,Poison,600,60,65,80,170,95,130,1,FALSE,TRUE,Uber,65,170,95,42.21966367,105
115,Mega Kangaskhan,Normal,,590,105,125,100,60,100,100,1,FALSE,TRUE,Uber,60,125,100,23.34523506,65
150,Mewtwo,Psychic,,680,106,110,90,154,90,130,1,TRUE,FALSE,Uber,90,154,90,27.48090246,64
150,Mega Mewtwo X,Psychic,Fighting,780,106,190,100,154,100,130,1,TRUE,TRUE,Uber,100,190,100,38.27793098,90
150,Mega Mewtwo Y,Psychic,,780,106,150,70,194,120,140,1,TRUE,TRUE,Uber,70,194,120,45.22388749,124
249,Lugia,Psychic,Flying,680,106,90,130,90,154,110,2,TRUE,FALSE,Uber,90,90,154,27.48090246,64
250,Ho-oh,Fire,Flying,680,106,130,90,110,154,90,2,TRUE,FALSE,Uber,90,130,154,27.48090246,64
257,Blaziken,Fire,Fighting,530,80,120,70,110,70,80,3,FALSE,FALSE,Uber,70,120,70,23.4520788,50
257,Mega Blaziken,Fire,Fighting,630,80,160,80,130,80,100,3,FALSE,TRUE,Uber,80,160,80,34.64101615,80
302,Mega Sableye,Dark,Ghost,480,50,85,125,85,115,20,3,FALSE,TRUE,Uber,20,85,125,40.98780306,105
303,Mega Mawile,Steel,Fairy,480,50,105,125,55,95,50,3,FALSE,TRUE,Uber,50,105,125,32.48076354,75
373,Mega Salamence,Dragon,Flying,700,95,145,130,120,90,120,3,FALSE,TRUE,Uber,90,145,130,20.1246118,55
382,Kyogre,Water,,670,100,100,90,150,140,90,3,TRUE,FALSE,Uber,90,150,140,28.80972058,60
383,Groudon,Ground,,670,100,150,140,100,90,90,3,TRUE,FALSE,Uber,90,150,140,28.80972058,60
384,Rayquaza,Dragon,Flying,680,105,150,90,150,90,95,3,TRUE,FALSE,Uber,90,150,90,32.01562119,60
448,Mega Lucario,Fighting,Steel,625,70,145,88,140,70,112,4,FALSE,TRUE,Uber,70,145,88,32.43454948,75
483,Dialga,Steel,Dragon,680,100,120,120,150,100,90,4,TRUE,FALSE,Uber,90,150,120,23.02172887,60
484,Palkia,Water,Dragon,680,90,120,100,150,120,100,4,TRUE,FALSE,Uber,100,150,120,20.49390153,50
491,Darkrai,Dark,,600,70,90,90,135,90,125,4,TRUE,FALSE,Uber,90,135,90,22.19234102,45
643,Reshiram,Dragon,Fire,680,100,120,100,150,120,90,5,TRUE,FALSE,Uber,90,150,120,23.02172887,60
644,Zekrom,Dragon,Electric,680,100,150,120,120,100,90,5,TRUE,FALSE,Uber,90,150,120,23.02172887,60
649,Genesect,Bug,Steel,600,71,120,95,120,95,99,5,TRUE,FALSE,Uber,95,120,95,13.06522101,25
658,Greninja,Water,Dark,530,72,95,67,103,71,122,6,FALSE,FALSE,Uber,67,103,71,22.88667735,55
716,Xerneas,Fairy,,680,126,131,95,131,98,99,6,TRUE,FALSE,Uber,95,131,98,18.4986486,36
717,Yveltal,Dark,Flying,680,126,131,95,131,98,99,6,TRUE,FALSE,Uber,95,131,98,18.4986486,36
681,Aegislash,Steel,Ghost,520,60,150,50,150,50,60,6,FALSE,FALSE,Uber,50,150,50,53.10367219,100
386,Deoxys-A,Psychic,,600,50,180,20,180,20,150,3,TRUE,FALSE,Uber,20,180,20,83.06623863,160
386,Deoxys,Psychic,,600,50,150,50,150,50,150,3,TRUE,FALSE,Uber,50,150,50,54.77225575,100
386,Deoxys-S,Psychic,,600,50,95,90,95,90,180,3,TRUE,FALSE,Uber,90,95,90,39.21096785,90
386,Deoxys-D,Psychic,,600,50,70,160,70,160,90,3,TRUE,FALSE,Uber,70,70,160,46.36809248,90
487,Giratina,Ghost,Dragon,680,150,100,120,100,120,90,4,TRUE,FALSE,Uber,90,100,120,13.41640786,30
487,Giratina-O,Ghost,Dragon,680,150,120,100,120,100,90,4,TRUE,FALSE,Uber,90,120,100,13.41640786,30
646,Kyurem-W,Dragon,Ice,700,125,120,90,170,100,95,5,TRUE,FALSE,Uber,90,170,100,32.78719262,80
493,Arceus,Normal,,720,120,120,120,120,120,120,4,TRUE,FALSE,Uber,120,120,120,0,0
383,Primal Groudon,Ground,Fire,770,100,180,160,150,90,90,3,TRUE,FALSE,Uber,90,180,160,41.59326869,90
382,Primal Kyogre,Water,,770,100,150,90,180,160,90,3,TRUE,FALSE,Uber,90,180,160,41.59326869,90
720,Hoopa-U,Psychic,Dark,680,80,160,60,170,130,80,6,TRUE,FALSE,Uber,60,170,130,48.47679857,110
645,Landorus,Ground,Flying,600,89,125,90,115,80,101,5,TRUE,FALSE,Uber,80,125,90,18.21263298,45
492,Shaymin-S,Grass,Flying,600,100,103,75,120,75,127,4,TRUE,FALSE,Uber,75,120,75,24.43358345,52
3,Mega Venusaur,Grass,Poison,625,80,100,123,122,120,80,1,FALSE,TRUE,OU,80,122,123,18.76166304,43
6,Mega Charizard X,Fire,Dragon,634,78,130,111,130,85,100,1,FALSE,TRUE,OU,85,130,111,19.48589233,45
6,Mega Charizard Y,Fire,Flying,634,78,104,78,159,115,100,1,FALSE,TRUE,OU,78,159,115,29.91153624,81
36,Clefable,Fairy,,483,95,70,73,95,90,60,1,FALSE,FALSE,OU,60,95,90,14.5361618,35
51,Dugtrio,Ground,,405,35,80,50,50,70,120,1,FALSE,FALSE,OU,50,80,70,28.80972058,70
80,Slowbro,Water,Psychic,490,95,75,110,100,80,30,1,FALSE,FALSE,OU,30,100,110,30.90307428,80
80,Mega Slowbro,Water,Psychic,590,95,75,180,130,80,30,1,FALSE,TRUE,OU,30,130,180,57.48912941,150
94,Gengar,Ghost,Poison,500,60,65,60,130,75,110,1,FALSE,FALSE,OU,60,130,75,30.53686297,70
113,Chansey,Normal,,450,250,5,5,35,105,50,1,FALSE,FALSE,OU,5,35,105,41.23105626,100
121,Starmie,Water,Psychic,520,60,75,85,100,85,115,1,FALSE,FALSE,OU,75,100,85,15.65247584,40
127,Mega Pinsir,Bug,Flying,600,65,155,120,65,90,105,1,FALSE,TRUE,OU,65,155,120,33.65263734,90
145,Zapdos,Electric,Flying,580,90,90,85,125,90,100,1,TRUE,FALSE,OU,85,125,90,16.04680654,40
149,Dragonite,Dragon,Flying,600,91,134,95,100,100,80,1,FALSE,FALSE,OU,80,134,100,19.7787765,54
151,Mew,Psychic,,600,100,100,100,100,100,100,1,TRUE,FALSE,OU,100,100,100,0,0
184,Azumarill,Water,Fairy,420,100,50,80,60,80,50,2,FALSE,FALSE,OU,50,60,80,15.16575089,30
212,Scizor,Bug,Steel,500,70,130,100,55,80,65,2,FALSE,FALSE,OU,55,130,100,29.87473849,75
212,Mega Scizor,Bug,Steel,600,70,150,140,65,100,75,2,FALSE,TRUE,OU,65,150,140,37.98025803,85
214,Mega Heracross,Bug,Fighting,600,80,185,115,40,105,75,2,FALSE,TRUE,OU,40,185,115,53.89805191,145
227,Skarmory,Steel,Flying,465,65,80,140,40,70,70,2,FALSE,FALSE,OU,40,80,140,36.74234614,100
243,Raikou,Electric,,580,90,85,75,115,100,115,2,TRUE,FALSE,OU,75,115,100,17.88854382,40
248,Tyranitar,Rock,Dark,600,100,134,110,95,100,61,2,FALSE,FALSE,OU,61,134,110,26.46696054,73
248,Mega Tyranitar,Rock,Dark,700,100,164,150,95,120,71,2,FALSE,TRUE,OU,71,164,150,38.28184949,93
282,Mega Gardevoir,Psychic,Fairy,618,68,85,65,165,135,100,3,FALSE,TRUE,OU,65,165,135,40,100
286,Breloom,Grass,Fighting,460,60,130,80,60,60,70,3,FALSE,FALSE,OU,60,130,80,29.15475947,70
308,Mega Medicham,Fighting,Psychic,510,60,100,85,80,85,100,3,FALSE,TRUE,OU,80,100,85,9.354143467,20
310,Mega Manectric,Electric,,575,70,75,80,135,80,135,3,FALSE,TRUE,OU,75,135,80,31.10466203,60
376,Mega Metagross,Steel,Psychic,700,80,145,150,105,110,110,3,FALSE,TRUE,OU,105,145,150,21.62174831,45
380,Latias,Dragon,Psychic,600,80,80,90,110,130,110,3,TRUE,FALSE,OU,80,110,130,19.49358869,50
380,Mega Latias,Dragon,Psychic,700,80,100,120,140,150,110,3,TRUE,TRUE,OU,100,140,150,20.73644135,50
381,Latios,Dragon,Psychic,600,80,90,80,130,110,110,3,TRUE,FALSE,OU,80,130,110,19.49358869,50
381,Mega Latios,Dragon,Psychic,700,80,130,100,160,120,110,3,TRUE,TRUE,OU,100,160,120,23.02172887,60
385,Jirachi,Steel,Psychic,600,100,100,100,100,100,100,3,TRUE,FALSE,OU,100,100,100,0,0
428,Mega Lopunny,Normal,Fighting,580,65,136,94,54,96,135,4,FALSE,TRUE,OU,54,136,96,34.07345007,82
445,Garchomp,Dragon,Ground,600,108,130,95,80,85,102,4,FALSE,FALSE,OU,80,130,95,19.62906009,50
445,Mega Garchomp,Dragon,Ground,700,108,170,115,120,95,92,4,FALSE,TRUE,OU,92,170,115,31.30974289,78
450,Hippowdon,Ground,,525,108,112,118,68,72,47,4,FALSE,FALSE,OU,47,112,118,30.44339009,71
461,Weavile,Dark,Ice,510,70,120,65,45,85,125,4,FALSE,FALSE,OU,45,120,85,34.56877203,80
462,Magnezone,Electric,Steel,535,70,70,115,130,90,60,4,FALSE,FALSE,OU,60,130,115,29.49576241,70
465,Tangrowth,Grass,,535,100,100,125,110,50,50,4,FALSE,FALSE,OU,50,110,125,34.92849839,75
472,Gliscor,Ground,Flying,510,75,95,125,45,75,95,4,FALSE,FALSE,OU,45,95,125,29.49576241,80
482,Azelf,Psychic,,580,75,125,70,125,70,115,4,TRUE,FALSE,OU,70,125,70,28.59195691,55
485,Heatran,Fire,Steel,600,91,90,106,130,106,77,4,TRUE,FALSE,OU,77,130,106,19.9047733,53
490,Manaphy,Water,,600,100,100,100,100,100,100,4,TRUE,FALSE,OU,100,100,100,0,0
497,Serperior,Grass,,528,75,75,95,75,95,113,5,FALSE,FALSE,OU,75,75,95,16.0249805,38
530,Excadrill,Ground,Steel,508,110,135,60,50,65,88,5,FALSE,FALSE,OU,50,135,65,33.96027091,85
591,Amoonguss,Grass,Poison,464,114,85,70,85,80,30,5,FALSE,FALSE,OU,30,85,80,23.18404624,55
598,Ferrothorn,Grass,Steel,489,74,94,131,54,116,20,5,FALSE,FALSE,OU,20,94,131,45.61797891,111
625,Bisharp,Dark,Steel,490,65,125,100,60,70,70,5,FALSE,FALSE,OU,60,125,100,26.92582404,65
663,Talonflame,Fire,Flying,499,78,81,71,74,69,126,6,FALSE,FALSE,OU,69,81,71,23.80546156,57
719,Mega Diancie,Rock,Fairy,700,50,160,110,160,110,110,6,TRUE,TRUE,OU,110,160,110,27.38612788,50
721,Volcanion,Fire,Water,600,80,110,120,130,90,70,6,TRUE,FALSE,OU,70,130,120,24.08318916,60
647,Keldeo,Water,Fighting,580,91,72,90,129,90,108,5,FALSE,FALSE,OU,72,129,90,21.59166506,57
646,Kyurem-B,Dragon,Ice,700,125,170,100,120,90,95,5,TRUE,FALSE,OU,90,170,100,32.78719262,80
645,Landorus-T,Ground,Flying,600,89,145,90,105,80,91,5,TRUE,FALSE,OU,80,145,90,25.52841554,65
641,Tornadus-T,Flying,,580,79,100,80,110,90,121,5,TRUE,FALSE,OU,80,110,90,16.13071604,41
479,Rotom-W,Electric,Water,520,50,65,107,105,107,86,4,FALSE,FALSE,OU,65,105,107,18.46618531,42
642,Thundurus,Electric,Flying,580,79,115,70,125,80,111,5,TRUE,FALSE,OU,70,125,80,23.82645588,55
18,Mega Pidgeot,Normal,Flying,579,83,80,80,135,80,121,1,FALSE,TRUE,BL,80,135,80,26.75256997,55
65,Alakazam,Psychic,,500,55,50,45,135,95,120,1,FALSE,FALSE,BL,45,135,95,40.52776826,90
65,Mega Alakazam,Psychic,,590,55,50,65,175,95,150,1,FALSE,TRUE,BL,50,175,95,53.92123886,125
130,Mega Gyarados,Water,Dark,640,95,155,109,70,130,81,1,FALSE,TRUE,BL,70,155,130,34.86402157,85
334,Mega Altaria,Dragon,Fairy,590,75,110,110,110,105,80,3,FALSE,TRUE,BL,80,110,110,13.03840481,30
373,Salamence,Dragon,Flying,600,95,135,80,110,80,100,3,FALSE,FALSE,BL,80,135,80,23.02172887,55
398,Staraptor,Normal,Flying,485,85,120,70,50,60,100,4,FALSE,FALSE,BL,50,120,70,29.15475947,70
468,Togekiss,Fairy,Flying,545,85,50,95,120,115,80,4,FALSE,FALSE,BL,50,120,115,28.41654448,70
475,Mega Gallade,Psychic,Fighting,618,68,165,95,65,115,110,4,FALSE,TRUE,BL,65,165,115,36.40054945,100
494,Victini,Psychic,Fire,600,100,100,100,100,100,100,5,TRUE,FALSE,BL,100,100,100,0,0
545,Scolipede,Bug,Poison,485,60,100,89,55,69,112,5,FALSE,FALSE,BL,55,100,89,23.05428377,57
637,Volcarona,Bug,Fire,550,85,60,65,135,105,100,5,FALSE,FALSE,BL,60,135,105,30.94349689,75
639,Terrakion,Rock,Fighting,580,91,129,90,72,90,108,5,TRUE,FALSE,BL,72,129,90,21.59166506,57
660,Diggersby,Normal,Ground,423,85,56,77,50,77,78,6,FALSE,FALSE,BL,50,56,77,13.50185172,28
701,Hawlucha,Fighting,Flying,500,78,92,75,74,63,118,6,FALSE,FALSE,BL,63,92,75,21.45460324,55
642,Thundurus-T,Electric,Flying,580,79,105,70,145,80,101,5,TRUE,FALSE,BL,70,145,80,28.94304752,75
718,Zygarde,Dragon,Ground,600,108,100,121,81,95,95,6,TRUE,FALSE,BL,81,100,121,14.48447445,40
9,Mega Blastoise,Water,,630,79,103,120,135,115,78,1,FALSE,TRUE,UU,78,135,120,21.34713095,57
15,Mega Beedrill,Bug,Poison,495,65,150,40,15,80,145,1,FALSE,TRUE,UU,15,150,80,60.76594441,135
31,Nidoqueen,Poison,Ground,505,90,92,87,75,85,76,1,FALSE,FALSE,UU,75,92,87,7.314369419,17
34,Nidoking,Poison,Ground,505,81,102,77,85,75,85,1,FALSE,FALSE,UU,75,102,77,10.63954886,27
59,Arcanine,Fire,,555,90,110,80,100,80,95,1,FALSE,FALSE,UU,80,110,80,13.03840481,30
68,Machamp,Fighting,,505,90,130,80,65,85,55,1,FALSE,FALSE,UU,55,130,85,28.85307609,75
73,Tentacruel,Water,Poison,515,80,70,65,80,120,100,1,FALSE,FALSE,UU,65,80,120,22.8035085,55
91,Cloyster,Water,Ice,525,50,95,180,85,45,70,1,FALSE,FALSE,UU,45,95,180,51.11262075,135
130,Gyarados,Water,Flying,540,95,125,79,60,100,81,1,FALSE,FALSE,UU,60,125,100,24.6069096,65
134,Vaporeon,Water,,525,130,65,60,110,95,65,1,FALSE,FALSE,UU,60,110,95,22.19234102,50
142,Mega Aerodactyl,Rock,Flying,615,80,135,85,70,95,150,1,FALSE,TRUE,UU,70,135,95,34.02205167,80
143,Snorlax,Normal,,540,160,110,65,65,110,30,1,FALSE,FALSE,UU,30,110,110,34.16869913,80
160,Feraligatr,Water,,530,85,105,100,79,83,78,2,FALSE,FALSE,UU,78,105,100,12.58967831,27
169,Crobat,Poison,Flying,535,85,90,80,70,80,130,2,FALSE,FALSE,UU,70,90,80,23.4520788,60
181,Mega Ampharos,Electric,Dragon,610,90,95,105,165,110,45,2,FALSE,TRUE,UU,45,165,110,42.77849927,120
196,Espeon,Psychic,,525,65,65,60,130,95,110,2,FALSE,FALSE,UU,60,130,95,29.70690156,70
197,Umbreon,Dark,,525,95,65,110,60,130,65,2,FALSE,FALSE,UU,60,65,130,31.89827582,70
205,Forretress,Bug,Steel,465,75,90,140,60,60,40,2,FALSE,FALSE,UU,40,90,140,38.98717738,100
207,Gligar,Ground,Flying,430,65,75,105,35,65,85,2,FALSE,FALSE,UU,35,75,105,25.88435821,70
214,Heracross,Bug,Fighting,500,80,125,75,40,95,85,2,FALSE,FALSE,UU,40,125,95,30.90307428,85
232,Donphan,Ground,,500,90,120,120,60,60,50,2,FALSE,FALSE,UU,50,120,120,34.92849839,70
233,Porygon2,Normal,,515,85,80,90,105,95,60,2,FALSE,FALSE,UU,60,105,95,17.10263138,45
242,Blissey,Normal,,540,255,10,10,75,135,55,2,FALSE,FALSE,UU,10,75,135,52.03364296,125
244,Entei,Fire,,580,115,115,85,90,75,100,2,TRUE,FALSE,UU,75,115,85,15.24795068,40
245,Suicune,Water,,580,100,75,115,90,115,85,2,TRUE,FALSE,UU,75,90,115,18.16590212,40
251,Celebi,Psychic,Grass,600,100,100,100,100,100,100,2,TRUE,FALSE,UU,100,100,100,0,0
254,Mega Sceptile,Grass,Dragon,630,70,110,75,145,85,145,3,FALSE,TRUE,UU,75,145,85,32.71085447,70
260,Swampert,Water,Ground,535,100,110,90,85,90,60,3,FALSE,FALSE,UU,60,110,90,17.88854382,50
260,Mega Swampert,Water,Ground,635,100,150,110,95,110,70,3,FALSE,TRUE,UU,70,150,110,29.06888371,80
282,Gardevoir,Psychic,Fairy,518,68,65,65,125,115,80,3,FALSE,FALSE,UU,65,125,115,28.28427125,60
306,Mega Aggron,Steel,,630,70,140,230,60,80,50,3,FALSE,TRUE,UU,50,140,230,74.63243263,180
319,Mega Sharpedo,Water,Dark,560,70,140,70,110,65,105,3,FALSE,TRUE,UU,65,140,70,30.94349689,75
342,Crawdaunt,Water,Dark,468,63,120,85,90,55,55,3,FALSE,FALSE,UU,55,120,85,27.24885319,65
350,Milotic,Water,,540,95,60,79,100,125,81,3,FALSE,FALSE,UU,60,100,125,24.6069096,65
359,Mega Absol,Dark,,565,65,150,60,115,60,115,3,FALSE,TRUE,UU,60,150,60,39.21096785,90
376,Metagross,Steel,Psychic,600,80,135,130,95,90,70,3,FALSE,FALSE,UU,70,135,130,27.70379035,65
392,Infernape,Fire,Fighting,534,76,104,71,104,71,108,4,FALSE,FALSE,UU,71,104,71,18.87591057,37
395,Empoleon,Water,Steel,530,84,86,88,111,101,60,4,FALSE,FALSE,UU,60,111,101,19.22758435,51
407,Roserade,Grass,Poison,515,60,70,65,125,105,90,4,FALSE,FALSE,UU,65,125,105,24.84954728,60
448,Lucario,Fighting,Steel,525,70,110,70,115,70,90,4,FALSE,FALSE,UU,70,115,70,21.33072901,45
454,Toxicroak,Poison,Fighting,490,83,106,65,86,65,85,4,FALSE,FALSE,UU,65,106,65,17.15517415,41
473,Mamoswine,Ice,Ground,530,110,130,80,70,60,80,4,FALSE,FALSE,UU,60,130,80,27.01851217,70
474,Porygon-Z,Normal,,535,85,80,70,135,75,90,4,FALSE,FALSE,UU,70,135,75,26.2202212,65
488,Cresselia,Psychic,,600,120,70,120,75,130,85,4,FALSE,FALSE,UU,70,75,130,27.24885319,60
534,Conkeldurr,Fighting,,505,105,140,95,55,65,45,5,FALSE,FALSE,UU,45,140,95,38.40572874,95
547,Whimsicott,Grass,Fairy,480,60,67,85,77,75,116,5,FALSE,FALSE,UU,67,77,85,19,49
553,Krookodile,Ground,Dark,519,95,117,80,65,70,92,5,FALSE,FALSE,UU,65,117,80,20.75331299,52
579,Reuniclus,Psychic,,490,110,65,75,125,85,30,5,FALSE,FALSE,UU,30,125,85,34.35112807,95
596,Galvantula,Bug,Electric,472,70,77,60,97,60,108,5,FALSE,FALSE,UU,60,97,60,21.68640127,48
609,Chandelure,Ghost,Fire,520,60,55,90,145,90,80,5,FALSE,FALSE,UU,55,145,90,32.90136775,90
612,Haxorus,Dragon,,540,76,147,90,60,70,97,5,FALSE,FALSE,UU,60,147,90,33.75944312,87
620,Mienshao,Fighting,,510,65,125,60,95,60,105,5,FALSE,FALSE,UU,60,125,60,28.59195691,65
630,Mandibuzz,Dark,Flying,510,110,65,105,55,95,80,5,FALSE,FALSE,UU,55,65,105,20.61552813,50
635,Hydreigon,Dark,Dragon,600,92,105,90,125,90,98,5,FALSE,FALSE,UU,90,125,90,14.50172404,35
638,Cobalion,Steel,Fighting,580,91,90,129,90,72,108,5,TRUE,FALSE,UU,72,90,129,21.59166506,57
652,Chesnaught,Grass,Fighting,530,88,107,122,74,75,64,6,FALSE,FALSE,UU,64,107,122,24.78507615,58
671,Florges,Fairy,,552,78,65,68,112,154,75,6,FALSE,FALSE,UU,65,112,154,38.07492613,89
680,Doublade,Steel,Ghost,448,59,110,150,45,49,35,6,FALSE,FALSE,UU,35,110,150,49.9669891,115
695,Heliolisk,Electric,Normal,481,62,55,52,109,94,109,6,FALSE,FALSE,UU,52,109,94,28.34960317,57
700,Sylveon,Fairy,,525,95,65,65,110,130,60,6,FALSE,FALSE,UU,60,110,130,31.89827582,70
706,Goodra,Dragon,,600,90,100,70,110,150,80,6,FALSE,FALSE,UU,70,110,150,31.144823,80
707,Klefki,Steel,Fairy,470,57,80,91,80,87,75,6,FALSE,FALSE,UU,75,80,91,6.348228099,16
555,Darmanitan,Fire,,480,105,140,55,30,55,95,5,FALSE,FALSE,UU,30,140,55,43.15669125,110
479,Rotom-H,Electric,Fire,520,50,65,107,105,107,86,4,FALSE,FALSE,UU,65,105,107,18.46618531,42
641,Tornadus,Flying,,580,79,115,70,125,80,111,5,TRUE,FALSE,UU,70,125,80,23.82645588,55
49,Venomoth,Bug,Poison,450,70,65,60,90,75,90,1,FALSE,FALSE,BL2,60,90,75,13.87443693,30
146,Moltres,Fire,Flying,580,90,100,90,125,85,90,1,TRUE,FALSE,BL2,85,125,90,16.04680654,40
208,Mega Steelix,Steel,Ground,610,75,125,230,55,95,30,2,FALSE,TRUE,BL2,30,125,230,77.82994282,200
213,Shuckle,Bug,Rock,505,20,10,230,10,230,5,2,FALSE,FALSE,BL2,5,10,230,121.4289916,225
229,Mega Houndoom,Dark,Fire,600,75,90,90,140,90,115,2,FALSE,TRUE,BL2,90,140,90,22.36067977,50
230,Kingdra,Water,Dragon,540,75,95,95,95,95,85,2,FALSE,FALSE,BL2,85,95,95,4.472135955,10
302,Sableye,Dark,Ghost,380,50,75,75,65,65,50,3,FALSE,FALSE,BL2,50,75,75,10.24695077,25
319,Sharpedo,Water,Dark,460,70,120,40,95,40,95,3,FALSE,FALSE,BL2,40,120,40,36.15936946,80
430,Honchkrow,Dark,Flying,505,100,125,52,105,52,71,4,FALSE,FALSE,BL2,52,125,52,32.76430985,73
460,Mega Abomasnow,Grass,Ice,594,90,132,105,132,105,30,4,FALSE,TRUE,BL2,30,132,105,41.81746047,102
469,Yanmega,Bug,Flying,515,86,76,86,116,56,95,4,FALSE,FALSE,BL2,56,116,86,22.25308967,60
478,Froslass,Ice,Ghost,480,70,80,70,80,70,110,4,FALSE,FALSE,BL2,70,80,70,16.43167673,40
571,Zoroark,Dark,,510,60,105,60,120,60,105,5,FALSE,FALSE,BL2,60,120,60,28.0624304,60
632,Durant,Bug,Steel,484,58,109,112,48,48,109,5,FALSE,FALSE,BL2,48,109,112,33.98087698,64
646,Kyurem,Dragon,Ice,660,125,130,90,130,90,95,5,TRUE,FALSE,BL2,90,130,90,21.09502311,40
675,Pangoro,Fighting,Dark,495,95,124,78,69,71,58,6,FALSE,FALSE,BL2,58,124,78,25.62225595,66
685,Slurpuff,Fairy,,480,82,80,86,85,75,72,6,FALSE,FALSE,BL2,72,85,86,6.107372594,14
691,Dragalge,Poison,Dragon,494,65,75,90,97,123,44,6,FALSE,FALSE,BL2,44,97,123,29.11528808,79
697,Tyrantrum,Rock,Dragon,521,82,121,119,69,59,71,6,FALSE,FALSE,BL2,59,121,119,29.75231083,62
715,Noivern,Flying,Dragon,535,85,70,80,97,80,123,6,FALSE,FALSE,BL2,70,97,80,20.84466359,53
492,Shaymin,Grass,,600,100,100,100,100,100,100,4,TRUE,FALSE,BL2,100,100,100,0,0
3,Venusaur,Grass,Poison,525,80,82,83,100,100,80,1,FALSE,FALSE,RU,80,100,100,10.09950494,20
9,Blastoise,Water,,530,79,83,100,85,105,78,1,FALSE,FALSE,RU,78,85,105,11.64903429,27
42,Golbat,Poison,Flying,455,75,80,70,65,75,90,1,FALSE,FALSE,RU,65,80,75,9.617692031,25
82,Magneton,Electric,Steel,465,50,60,95,120,70,70,1,FALSE,FALSE,RU,60,120,95,24.39262184,60
106,Hitmonlee,Fighting,,455,50,120,53,35,110,87,1,FALSE,FALSE,RU,35,120,110,36.39368077,85
135,Jolteon,Electric,,525,65,65,60,110,95,130,1,FALSE,FALSE,RU,60,110,95,29.70690156,70
142,Aerodactyl,Rock,Flying,515,80,105,65,60,75,130,1,FALSE,FALSE,RU,60,105,75,29.70690156,70
157,Typhlosion,Fire,,534,78,84,78,109,85,100,2,FALSE,FALSE,RU,78,109,85,12.83354978,31
176,Togetic,Fairy,Flying,405,55,40,85,80,105,40,2,FALSE,FALSE,RU,40,80,105,28.93959226,65
199,Slowking,Water,Psychic,490,95,75,80,100,110,30,2,FALSE,FALSE,RU,30,100,110,30.90307428,80
210,Granbull,Fairy,,450,90,120,75,60,60,45,2,FALSE,FALSE,RU,45,120,75,28.85307609,75
211,Qwilfish,Water,Poison,430,65,95,75,55,55,85,2,FALSE,FALSE,RU,55,95,75,17.88854382,40
215,Sneasel,Dark,Ice,430,55,95,55,35,75,115,2,FALSE,FALSE,RU,35,95,75,31.6227766,80
229,Houndoom,Dark,Fire,500,75,90,50,110,80,95,2,FALSE,FALSE,RU,50,110,80,22.36067977,60
237,Hitmontop,Fighting,,455,50,95,95,35,110,70,2,FALSE,FALSE,RU,35,95,110,29.45335295,75
295,Exploud,Normal,,490,104,91,63,91,73,68,3,FALSE,FALSE,RU,63,91,73,13.08434179,28
308,Medicham,Fighting,Psychic,410,60,60,75,60,75,80,3,FALSE,FALSE,RU,60,60,75,9.354143467,20
323,Mega Camerupt,Fire,Ground,560,70,120,100,145,105,20,3,FALSE,TRUE,RU,20,145,105,46.98403984,125
330,Flygon,Ground,Dragon,520,80,100,80,80,80,100,3,FALSE,FALSE,RU,80,100,80,10.95445115,20
354,Mega Banette,Ghost,,555,64,165,75,93,83,75,3,FALSE,TRUE,RU,75,165,83,38.06835957,90
359,Absol,Dark,,465,65,130,60,75,60,75,3,FALSE,FALSE,RU,60,130,60,28.93959226,70
362,Mega Glalie,Ice,,580,80,120,80,120,80,100,3,FALSE,TRUE,RU,80,120,80,20,40
379,Registeel,Steel,,580,80,75,150,75,150,50,3,TRUE,FALSE,RU,50,75,150,46.77071733,100
424,Ambipom,Normal,,482,75,100,66,60,66,115,4,FALSE,FALSE,RU,60,100,66,24.53161226,55
437,Bronzong,Steel,Psychic,500,67,89,116,79,116,33,4,FALSE,FALSE,RU,33,89,116,34.15113468,83
442,Spiritomb,Ghost,Dark,485,50,92,108,92,108,35,4,FALSE,FALSE,RU,35,92,108,30.14962686,73
452,Drapion,Poison,Dark,500,70,90,110,60,75,95,4,FALSE,FALSE,RU,60,90,110,19.17028951,50
464,Rhyperior,Ground,Rock,535,115,140,130,55,55,40,4,FALSE,FALSE,RU,40,140,130,47.09033871,100
475,Gallade,Psychic,Fighting,518,68,125,65,65,115,80,4,FALSE,FALSE,RU,65,125,115,28.28427125,60
480,Uxie,Psychic,,580,75,75,130,75,130,95,4,TRUE,FALSE,RU,75,75,130,27.70379035,55
500,Emboar,Fire,Fighting,528,110,123,65,100,65,65,5,FALSE,FALSE,RU,65,123,65,26.73574386,58
537,Seismitoad,Water,Ground,509,105,95,75,85,75,74,5,FALSE,FALSE,RU,74,95,75,9.121403401,21
539,Sawk,Fighting,,465,75,125,75,30,75,85,5,FALSE,FALSE,RU,30,125,75,33.83784863,95
560,Scrafty,Dark,Fighting,488,65,90,115,45,115,58,5,FALSE,FALSE,RU,45,90,115,32.22266283,70
561,Sigilyph,Psychic,Flying,490,72,58,80,103,80,97,5,FALSE,FALSE,RU,58,103,80,17.58692696,45
563,Cofagrigus,Ghost,,483,58,50,145,95,105,30,5,FALSE,FALSE,RU,30,95,145,45.68916721,115
573,Cinccino,Normal,,470,75,95,60,65,60,115,5,FALSE,FALSE,RU,60,95,60,24.84954728,55
589,Escavalier,Bug,Steel,495,70,135,105,60,105,20,5,FALSE,FALSE,RU,20,135,105,45.13867521,115
593,Jellicent,Water,Ghost,480,100,60,70,85,105,60,5,FALSE,FALSE,RU,60,85,105,19.17028951,45
594,Alomomola,Water,,470,165,75,80,40,45,65,5,FALSE,FALSE,RU,40,75,80,17.81852968,40
604,Eelektross,Electric,,515,85,115,80,105,80,50,5,FALSE,FALSE,RU,50,115,80,25.34758371,65
617,Accelgor,Bug,,495,80,70,40,100,60,145,5,FALSE,FALSE,RU,40,100,60,40.86563348,105
621,Druddigon,Dragon,,485,77,120,90,60,90,48,5,FALSE,FALSE,RU,48,120,90,28.33372549,72
628,Braviary,Normal,Flying,510,100,123,75,57,75,80,5,FALSE,FALSE,RU,57,123,75,24.53568829,66
640,Virizion,Grass,Fighting,580,91,90,72,90,129,108,5,TRUE,FALSE,RU,72,90,129,21.59166506,57
655,Delphox,Fire,Psychic,534,75,69,72,114,100,104,6,FALSE,FALSE,RU,69,114,100,20.12958022,45
662,Fletchinder,Fire,Flying,382,62,73,55,56,52,84,6,FALSE,FALSE,RU,52,73,55,13.87443693,32
683,Aromatisse,Fairy,,462,101,72,72,99,89,29,6,FALSE,FALSE,RU,29,99,89,26.77125324,70
693,Clawitzer,Water,,500,71,73,88,120,89,59,6,FALSE,FALSE,RU,59,120,89,22.73103605,61
719,Diancie,Rock,Fairy,600,50,100,150,100,150,50,6,TRUE,FALSE,RU,50,100,150,41.83300133,100
720,Hoopa,Psychic,Ghost,600,80,110,60,150,130,70,6,TRUE,FALSE,RU,60,150,130,38.47076812,90
479,Meloetta,Electric,Grass,520,50,65,107,105,107,86,4,TRUE,FALSE,RU,65,105,107,18.46618531,42
648,Meloetta-P,Normal,Psychic,600,100,77,77,128,128,90,5,TRUE,FALSE,RU,77,128,128,26.10555496,51
648,Rotom-C,Normal,Fighting,600,100,128,90,77,77,128,5,FALSE,FALSE,RU,77,128,90,26.10555496,51
254,Sceptile,Grass,,530,70,85,65,105,85,120,3,FALSE,FALSE,BL3,65,105,85,21.09502311,55
6,Charizard,Fire,Flying,534,78,84,78,109,85,100,1,FALSE,FALSE,NU,78,109,85,12.83354978,31
28,Sandslash,Ground,,450,75,100,110,45,55,65,1,FALSE,FALSE,NU,45,100,110,28.50438563,65
45,Vileplume,Grass,Poison,490,75,80,85,110,90,50,1,FALSE,FALSE,NU,50,110,90,21.67948339,60
57,Primeape,Fighting,,455,65,105,60,60,70,95,1,FALSE,FALSE,NU,60,105,70,20.79663434,45
62,Poliwrath,Water,Fighting,510,90,95,95,70,90,70,1,FALSE,FALSE,NU,70,95,95,12.94217911,25
93,Haunter,Ghost,Poison,405,45,50,45,115,55,95,1,FALSE,FALSE,NU,45,115,55,31.144823,70
107,Hitmonchan,Fighting,,455,50,105,79,35,110,76,1,FALSE,FALSE,NU,35,105,110,29.84124662,75
110,Weezing,Poison,,490,65,90,120,85,70,60,1,FALSE,FALSE,NU,60,90,120,22.91287847,60
112,Rhydon,Ground,Rock,485,105,130,120,45,45,40,1,FALSE,FALSE,NU,40,130,120,44.91658936,90
115,Kangaskhan,Normal,,490,105,95,80,40,80,90,1,FALSE,FALSE,NU,40,95,80,21.67948339,55
123,Scyther,Bug,Flying,500,70,110,80,55,80,105,1,FALSE,FALSE,NU,55,110,80,22.19234102,55
124,Jynx,Ice,Psychic,455,65,50,35,115,95,95,1,FALSE,FALSE,NU,35,115,95,33.83784863,80
127,Pinsir,Bug,,500,65,125,100,55,70,85,1,FALSE,FALSE,NU,55,125,100,27.06473721,70
128,Tauros,Normal,,490,75,100,95,40,70,110,1,FALSE,FALSE,NU,40,100,95,28.19574436,70
139,Omastar,Rock,Water,495,70,60,125,115,70,55,1,FALSE,FALSE,NU,55,115,125,32.59601203,70
141,Kabutops,Rock,Water,495,60,115,105,65,70,80,1,FALSE,FALSE,NU,65,115,105,21.96588264,50
171,Lanturn,Water,Electric,460,125,58,58,76,76,67,2,FALSE,FALSE,NU,58,76,76,9,18
178,Xatu,Psychic,Flying,470,65,75,70,95,70,95,2,FALSE,FALSE,NU,70,95,70,12.94217911,25
208,Steelix,Steel,Ground,510,75,85,200,55,65,30,2,FALSE,FALSE,NU,30,85,200,66.20045317,170
221,Piloswine,Ice,Ground,450,100,100,80,60,60,50,2,FALSE,FALSE,NU,50,100,80,20,50
226,Mantine,Water,Flying,465,65,40,70,80,140,70,2,FALSE,FALSE,NU,40,80,140,36.74234614,100
241,Miltank,Normal,,490,95,80,105,40,70,100,2,FALSE,FALSE,NU,40,80,105,26.07680962,65
272,Ludicolo,Water,Grass,480,80,70,70,90,100,70,3,FALSE,FALSE,NU,70,90,100,14.14213562,30
275,Shiftry,Grass,Dark,480,90,100,60,90,60,80,3,FALSE,FALSE,NU,60,100,60,17.88854382,40
277,Swellow,Normal,Flying,430,60,85,60,50,50,125,3,FALSE,FALSE,NU,50,85,60,31.89827582,75
297,Hariyama,Fighting,,474,144,120,60,40,60,50,3,FALSE,FALSE,NU,40,120,60,31.30495168,80
306,Aggron,Steel,Rock,530,70,110,180,60,60,50,3,FALSE,FALSE,NU,50,110,180,54.49770637,130
310,Manectric,Electric,,475,70,75,60,105,60,105,3,FALSE,FALSE,NU,60,105,60,22.74862633,45
335,Zangoose,Normal,,458,73,115,60,60,60,90,3,FALSE,FALSE,NU,60,115,60,24.8997992,55
344,Claydol,Ground,Psychic,500,60,70,105,70,120,75,3,FALSE,FALSE,NU,70,70,120,23.07596152,50
346,Cradily,Rock,Grass,495,86,81,97,81,107,43,3,FALSE,FALSE,NU,43,81,107,24.35569749,64
352,Kecleon,Normal,,440,60,90,70,60,120,40,3,FALSE,FALSE,NU,40,90,120,30.49590136,80
377,Regirock,Rock,,580,80,100,200,50,100,50,3,TRUE,FALSE,NU,50,100,200,61.23724357,150
389,Torterra,Grass,Ground,525,95,109,105,75,85,56,4,FALSE,FALSE,NU,56,109,105,21.86321111,53
423,Gastrodon,Water,Ground,475,111,83,68,92,82,39,4,FALSE,FALSE,NU,39,92,82,20.75331299,53
429,Mismagius,Ghost,,495,60,60,60,105,105,105,4,FALSE,FALSE,NU,60,105,105,24.64751509,45
435,Skuntank,Poison,Dark,479,103,93,67,71,61,84,4,FALSE,FALSE,NU,61,93,67,13.04607221,32
460,Abomasnow,Grass,Ice,494,90,92,75,92,85,60,4,FALSE,FALSE,NU,60,92,85,13.55359731,32
466,Electivire,Electric,,540,75,123,67,95,85,95,4,FALSE,FALSE,NU,67,123,85,20.29778313,56
467,Magmortar,Fire,,540,75,95,67,125,95,83,4,FALSE,FALSE,NU,67,125,95,21.26029163,58
481,Mesprit,Psychic,,580,80,105,105,105,105,80,4,TRUE,FALSE,NU,80,105,105,11.18033989,25
503,Samurott,Water,,528,95,100,85,108,70,70,5,FALSE,FALSE,NU,70,108,85,17.25688268,38
510,Liepard,Dark,,446,64,88,50,88,50,106,5,FALSE,FALSE,NU,50,88,50,25.19523765,56
531,Mega Audino,Normal,Fairy,545,103,60,126,80,126,50,5,FALSE,TRUE,NU,50,80,126,35.98332947,76
533,Gurdurr,Fighting,,405,85,105,85,40,50,40,5,FALSE,FALSE,NU,40,105,85,29.45335295,65
549,Lilligant,Grass,,480,70,60,75,110,75,90,5,FALSE,FALSE,NU,60,110,75,18.9076704,50
567,Archeops,Rock,Flying,567,75,140,65,112,65,110,5,FALSE,FALSE,NU,65,140,65,32.71543978,75
569,Garbodor,Poison,,474,80,95,82,60,82,75,5,FALSE,FALSE,NU,60,95,82,12.75539102,35
597,Ferroseed,Grass,Steel,305,44,50,91,24,86,10,5,FALSE,FALSE,NU,10,50,91,36.15522092,81
601,Klinklang,Steel,,520,60,100,115,70,85,90,5,FALSE,FALSE,NU,70,100,115,16.80773631,45
623,Golurk,Ground,Ghost,483,89,124,80,55,80,55,5,FALSE,FALSE,NU,55,124,80,28.19042391,69
666,Vivillon,Bug,Flying,411,80,52,50,90,50,89,6,FALSE,FALSE,NU,50,90,50,21.28849455,40
668,Pyroar,Fire,Normal,507,86,68,72,109,66,106,6,FALSE,FALSE,NU,66,109,72,21.40560674,43
687,Malamar,Dark,Psychic,482,86,92,88,68,75,73,6,FALSE,FALSE,NU,68,92,88,10.28105053,24
689,Barbaracle,Rock,Water,500,72,105,115,54,86,68,6,FALSE,FALSE,NU,54,105,115,25.24480145,61
699,Aurorus,Rock,Ice,521,123,77,72,99,92,58,6,FALSE,FALSE,NU,58,99,92,16.28803242,41
479,Rotom,Electric,Ghost,440,50,50,77,95,77,91,4,FALSE,FALSE,NU,50,95,77,17.63519209,45
67,Machoke,Fighting,,405,80,100,70,50,60,45,1,FALSE,FALSE,BL4,45,100,70,21.79449472,55
71,Victreebel,Grass,Poison,490,80,105,65,100,70,70,1,FALSE,FALSE,BL4,65,105,70,18.9076704,40
103,Exeggutor,Grass,Psychic,520,95,95,85,125,65,55,1,FALSE,FALSE,BL4,55,125,85,27.38612788,70
264,Linoone,Normal,,420,78,70,61,50,61,100,3,FALSE,FALSE,BL4,50,70,61,19.03417978,50
288,Vigoroth,Normal,,440,80,80,80,55,55,90,3,FALSE,FALSE,BL4,55,80,80,16.04680654,35
518,Musharna,Psychic,,487,116,55,85,107,95,29,5,FALSE,FALSE,BL4,29,107,95,31.76790834,78
538,Throh,Fighting,,465,120,100,85,30,85,45,5,FALSE,FALSE,BL4,30,100,85,29.87473849,70
565,Carracosta,Water,Rock,495,74,108,133,83,65,32,5,FALSE,FALSE,BL4,32,108,133,38.8677244,101
8,Wartortle,Water,,405,59,63,80,65,80,58,1,FALSE,FALSE,PU,58,65,80,10.18331969,22
12,Butterfree,Bug,Flying,395,60,45,50,90,80,70,1,FALSE,FALSE,PU,45,90,80,19.23538406,45
15,Beedrill,Bug,Poison,395,65,90,40,45,80,75,1,FALSE,FALSE,PU,40,90,80,22.19234102,50
18,Pidgeot,Normal,Flying,479,83,80,75,70,70,101,1,FALSE,FALSE,PU,70,80,75,12.8724512,31
20,Raticate,Normal,,413,55,81,60,50,70,97,1,FALSE,FALSE,PU,50,81,70,18.28387268,47
22,Fearow,Normal,Flying,442,65,90,65,61,61,100,1,FALSE,FALSE,PU,61,90,65,18.31119876,39
24,Arbok,Poison,,438,60,85,69,65,79,80,1,FALSE,FALSE,PU,65,85,79,8.294576541,20
26,Raichu,Electric,,485,60,90,55,90,80,110,1,FALSE,FALSE,PU,55,90,80,20,55
35,Clefairy,Fairy,,323,70,45,48,60,65,35,1,FALSE,FALSE,PU,35,60,65,12.0124935,30
38,Ninetales,Fire,,505,73,76,75,81,100,100,1,FALSE,FALSE,PU,75,81,100,12.62141038,25
40,Wigglytuff,Normal,Fairy,435,140,70,45,85,50,45,1,FALSE,FALSE,PU,45,85,50,17.81852968,40
47,Parasect,Bug,Grass,405,60,95,80,60,80,30,1,FALSE,FALSE,PU,30,95,80,25.0998008,65
53,Persian,Normal,,440,65,70,60,65,65,115,1,FALSE,FALSE,PU,60,70,65,22.63846285,55
55,Golduck,Water,,500,80,82,78,95,80,85,1,FALSE,FALSE,PU,78,95,80,6.670832032,17
64,Kadabra,Psychic,,400,40,35,30,120,70,105,1,FALSE,FALSE,PU,30,120,70,40.4042077,90
76,Golem,Rock,Ground,495,80,120,130,55,65,45,1,FALSE,FALSE,PU,45,120,130,39.14715826,85
78,Rapidash,Fire,,500,65,100,70,80,80,105,1,FALSE,FALSE,PU,70,100,80,14.83239697,35
83,Farfetch'd,Normal,Flying,352,52,65,55,58,62,60,1,FALSE,FALSE,PU,55,65,62,3.807886553,10
85,Dodrio,Normal,Flying,460,60,110,70,60,60,100,1,FALSE,FALSE,PU,60,110,70,23.4520788,50
87,Dewgong,Water,Ice,475,90,70,80,70,95,70,1,FALSE,FALSE,PU,70,70,95,10.95445115,25
89,Muk,Poison,,500,105,105,75,65,100,50,1,FALSE,FALSE,PU,50,105,100,23.2916294,55
97,Hypno,Psychic,,483,85,73,70,73,115,67,1,FALSE,FALSE,PU,67,73,115,19.94492417,48
99,Kingler,Water,,475,55,130,115,50,50,75,1,FALSE,FALSE,PU,50,130,115,36.97972417,80
101,Electrode,Electric,,480,60,50,70,80,80,140,1,FALSE,FALSE,PU,50,80,80,33.61547263,90
105,Marowak,Ground,,425,60,80,110,50,80,45,1,FALSE,FALSE,PU,45,80,110,26.36285265,65
114,Tangela,Grass,,435,65,55,115,100,40,60,1,FALSE,FALSE,PU,40,100,115,31.89827582,75
119,Seaking,Water,,450,80,92,65,65,80,68,1,FALSE,FALSE,PU,65,92,80,11.81101181,27
122,Mr. Mime,Psychic,Fairy,460,40,45,65,100,120,90,1,FALSE,FALSE,PU,45,100,120,29.45335295,75
131,Lapras,Water,Ice,535,130,85,80,85,95,60,1,FALSE,FALSE,PU,60,85,95,12.94217911,35
132,Ditto,Normal,,288,48,48,48,48,48,48,1,FALSE,FALSE,PU,48,48,48,0,0
136,Flareon,Fire,,525,65,130,60,95,110,65,1,FALSE,FALSE,PU,60,130,110,29.70690156,70
144,Articuno,Ice,Flying,580,90,85,100,95,125,85,1,TRUE,FALSE,PU,85,95,125,16.43167673,40
148,Dragonair,Dragon,,420,61,84,65,70,70,70,1,FALSE,FALSE,PU,65,84,70,7.155417528,19
154,Meganium,Grass,,525,80,82,100,83,100,80,2,FALSE,TRUE,PU,80,83,100,10.09950494,20
162,Furret,Normal,,415,85,76,64,45,55,90,2,FALSE,FALSE,PU,45,76,64,17.62101019,45
164,Noctowl,Normal,Flying,442,100,50,50,76,96,70,2,FALSE,FALSE,PU,50,76,96,19.35975206,46
166,Ledian,Bug,Flying,390,55,35,50,55,110,85,2,FALSE,FALSE,PU,35,55,110,30.12474066,75
168,Ariados,Bug,Poison,390,70,90,70,60,60,40,2,FALSE,FALSE,PU,40,90,70,18.16590212,50
181,Ampharos,Electric,,510,90,75,85,115,90,55,2,FALSE,FALSE,PU,55,115,90,21.9089023,60
182,Bellossom,Grass,,490,75,80,95,90,100,50,2,FALSE,FALSE,PU,50,90,100,19.87460691,50
185,Sudowoodo,Rock,,410,70,100,115,30,65,30,2,FALSE,FALSE,PU,30,100,115,39.14715826,85
186,Politoed,Water,,500,90,75,75,90,100,70,2,FALSE,FALSE,PU,70,90,100,12.5499004,30
189,Jumpluff,Grass,Flying,460,75,55,70,55,95,110,2,FALSE,FALSE,PU,55,55,95,24.64751509,55
192,Sunflora,Grass,,425,75,75,55,105,85,30,2,FALSE,FALSE,PU,30,105,85,28.72281323,75
195,Quagsire,Water,Ground,430,95,85,85,65,65,35,2,FALSE,FALSE,PU,35,85,85,20.49390153,50
198,Murkrow,Dark,Flying,405,60,85,42,85,42,91,2,FALSE,FALSE,PU,42,85,42,24.76893215,49
200,Misdreavus,Ghost,,435,60,60,60,85,85,85,2,FALSE,FALSE,PU,60,85,85,13.69306394,25
201,Unown,Psychic,,336,48,72,48,72,48,48,2,FALSE,FALSE,PU,48,72,48,13.14534138,24
202,Wobbuffet,Psychic,,405,190,33,58,33,58,33,2,FALSE,FALSE,PU,33,33,58,13.69306394,25
203,Girafarig,Normal,Psychic,455,70,80,65,90,65,85,2,FALSE,FALSE,PU,65,90,65,11.51086443,25
206,Dunsparce,Normal,,415,100,70,70,65,65,45,2,FALSE,FALSE,PU,45,70,70,10.36822068,25
217,Ursaring,Normal,,500,90,130,75,75,75,55,2,FALSE,FALSE,PU,55,130,75,28.19574436,75
219,Magcargo,Fire,Rock,410,50,50,120,80,80,30,2,FALSE,FALSE,PU,30,80,120,34.20526275,90
222,Corsola,Water,Rock,380,55,55,85,65,85,35,2,FALSE,FALSE,PU,35,65,85,21.21320344,50
224,Octillery,Water,,480,75,105,75,105,75,45,2,FALSE,FALSE,PU,45,105,75,25.0998008,60
225,Delibird,Ice,Flying,330,45,55,45,65,45,75,2,FALSE,FALSE,PU,45,65,45,13.03840481,30
234,Stantler,Normal,,465,73,95,62,85,65,85,2,FALSE,FALSE,PU,62,95,65,14.2407865,33
235,Smeargle,Normal,,250,55,20,35,20,45,75,2,FALSE,FALSE,PU,20,20,45,22.74862633,55
256,Combusken,Fire,Fighting,405,60,85,60,85,60,55,3,FALSE,FALSE,PU,55,85,60,14.7478812,30
262,Mightyena,Dark,,420,70,90,70,60,60,70,3,FALSE,FALSE,PU,60,90,70,12.24744871,30
267,Beautifly,Bug,Flying,395,60,70,50,100,50,65,3,FALSE,FALSE,PU,50,100,50,20.49390153,50
269,Dustox,Bug,Poison,385,60,50,70,50,90,65,3,FALSE,FALSE,PU,50,50,90,16.58312395,40
279,Pelipper,Water,Flying,430,60,50,100,85,70,65,3,FALSE,FALSE,PU,50,85,100,19.17028951,50
284,Masquerain,Bug,Flying,414,70,60,62,80,82,60,3,FALSE,FALSE,PU,60,80,82,11.18928058,22
289,Slaking,Normal,,670,150,160,100,95,65,100,3,FALSE,FALSE,PU,65,160,100,34.5325933,95
291,Ninjask,Bug,Flying,456,61,90,45,50,50,160,3,FALSE,FALSE,PU,45,90,50,48.78524367,115
292,Shedinja,Bug,Ghost,236,1,90,45,30,30,40,3,FALSE,FALSE,PU,30,90,45,24.8997992,60
301,Delcatty,Normal,,380,70,65,65,55,55,70,3,FALSE,FALSE,PU,55,65,65,6.708203932,15
303,Mawile,Steel,Fairy,380,50,85,85,55,55,50,3,FALSE,FALSE,PU,50,85,85,17.4642492,35
311,Plusle,Electric,,405,60,50,40,85,75,95,3,FALSE,FALSE,PU,40,85,75,23.2916294,55
312,Minun,Electric,,405,60,40,50,75,85,95,3,FALSE,FALSE,PU,40,75,85,23.2916294,55
313,Volbeat,Bug,,400,65,73,55,47,75,85,3,FALSE,FALSE,PU,47,73,75,15.55634919,38
314,Illumise,Bug,,400,65,47,55,73,75,85,3,FALSE,FALSE,PU,47,73,75,15.55634919,38
315,Roselia,Grass,Poison,400,50,60,45,100,80,65,3,FALSE,FALSE,PU,45,100,80,20.91650066,55
317,Swalot,Poison,,467,100,73,83,73,83,55,3,FALSE,FALSE,PU,55,73,83,11.43678276,28
321,Wailord,Water,,500,170,90,45,90,45,60,3,FALSE,FALSE,PU,45,90,45,22.74862633,45
323,Camerupt,Fire,Ground,460,70,100,70,105,75,40,3,FALSE,FALSE,PU,40,105,75,26.12470096,65
324,Torkoal,Fire,,470,70,85,140,85,70,20,3,FALSE,FALSE,PU,20,85,140,42.8660705,120
326,Grumpig,Psychic,,470,80,45,65,90,110,80,3,FALSE,FALSE,PU,45,90,110,24.64751509,65
327,Spinda,Normal,,360,60,60,60,60,60,60,3,FALSE,FALSE,PU,60,60,60,0,0
329,Vibrava,Ground,Dragon,340,50,70,50,50,50,70,3,FALSE,FALSE,PU,50,70,50,10.95445115,20
332,Cacturne,Grass,Dark,475,70,115,60,115,60,55,3,FALSE,FALSE,PU,55,115,60,31.10466203,60
334,Altaria,Dragon,Flying,490,75,70,90,70,105,80,3,FALSE,FALSE,PU,70,70,105,14.83239697,35
336,Seviper,Poison,,458,73,100,60,100,60,65,3,FALSE,FALSE,PU,60,100,60,21.09502311,40
337,Lunatone,Rock,Psychic,440,70,55,65,95,85,70,3,FALSE,FALSE,PU,55,95,85,15.96871942,40
338,Solrock,Rock,Psychic,440,70,95,85,55,65,70,3,FALSE,FALSE,PU,55,95,85,15.96871942,40
340,Whiscash,Water,Ground,468,110,78,73,76,71,60,3,FALSE,FALSE,PU,60,78,73,7.021395873,18
348,Armaldo,Rock,Bug,495,75,125,100,70,80,45,3,FALSE,FALSE,PU,45,125,100,30.29026246,80
351,Castform,Normal,,420,70,70,70,70,70,70,3,FALSE,FALSE,PU,70,70,70,0,0
354,Banette,Ghost,,455,64,115,65,83,63,65,3,FALSE,FALSE,PU,63,115,65,22.11786608,52
356,Dusclops,Ghost,,455,40,70,130,60,130,25,3,FALSE,FALSE,PU,25,70,130,46.04345773,105
357,Tropius,Grass,Flying,460,99,68,83,72,87,51,3,FALSE,FALSE,PU,51,72,87,14.16686274,36
358,Chimecho,Psychic,,425,65,50,70,95,80,65,3,FALSE,FALSE,PU,50,95,80,16.80773631,45
362,Glalie,Ice,,480,80,80,80,80,80,80,3,FALSE,FALSE,PU,80,80,80,0,0
365,Walrein,Ice,Water,530,110,80,90,95,90,65,3,FALSE,FALSE,PU,65,95,90,11.93733639,30
367,Huntail,Water,,485,55,104,105,94,75,52,3,FALSE,FALSE,PU,52,104,105,22.50555487,53
368,Gorebyss,Water,,485,55,84,105,114,75,52,3,FALSE,FALSE,PU,52,114,105,24.62722071,62
369,Relicanth,Water,Rock,485,100,90,130,45,65,55,3,FALSE,FALSE,PU,45,90,130,34.02205167,85
370,Luvdisc,Water,,330,43,30,55,40,65,97,3,FALSE,FALSE,PU,30,40,65,25.90945773,67
375,Metang,Steel,Psychic,420,60,75,100,55,80,50,3,FALSE,FALSE,PU,50,75,100,20.18662924,50
378,Regice,Ice,,580,80,50,100,100,200,50,3,TRUE,FALSE,PU,50,100,200,61.23724357,150
391,Monferno,Fire,Fighting,405,64,78,52,78,52,81,4,FALSE,FALSE,PU,52,78,52,14.83913744,29
394,Prinplup,Water,,405,64,66,68,81,76,50,4,FALSE,FALSE,PU,50,81,76,11.84060809,31
400,Bibarel,Normal,Water,410,79,85,60,55,60,71,4,FALSE,FALSE,PU,55,85,60,12.02913131,30
402,Kricketune,Bug,,384,77,85,51,55,51,65,4,FALSE,FALSE,PU,51,85,51,14.38054241,34
405,Luxray,Electric,,523,80,120,79,95,79,70,4,FALSE,FALSE,PU,70,120,79,19.73068676,50
409,Rampardos,Rock,,495,97,165,60,65,50,58,4,FALSE,FALSE,PU,50,165,60,48.04477079,115
411,Bastiodon,Rock,Steel,495,60,52,168,47,138,30,4,FALSE,FALSE,PU,30,52,168,61.7170965,138
414,Mothim,Bug,Flying,424,70,94,50,94,50,66,4,FALSE,FALSE,PU,50,94,50,22.16303228,44
416,Vespiquen,Bug,Flying,474,70,80,102,80,102,40,4,FALSE,FALSE,PU,40,80,102,25.32192726,62
417,Pachirisu,Electric,,405,60,45,70,45,90,95,4,FALSE,FALSE,PU,45,45,90,23.8222585,50
419,Floatzel,Water,,495,85,105,55,85,50,115,4,FALSE,FALSE,PU,50,105,55,29.06888371,65
421,Cherrim,Grass,,450,70,60,70,87,78,85,4,FALSE,FALSE,PU,60,87,78,11.1579568,27
426,Drifblim,Ghost,Flying,498,150,80,44,90,54,80,4,FALSE,FALSE,PU,44,90,54,19.56527536,46
428,Lopunny,Normal,,480,65,76,84,54,96,105,4,FALSE,FALSE,PU,54,76,96,19.6468827,51
432,Purugly,Normal,,452,71,82,64,64,59,112,4,FALSE,FALSE,PU,59,82,64,21.84490787,53
441,Chatot,Normal,Flying,411,76,65,45,92,42,91,4,FALSE,FALSE,PU,42,92,45,24.05202694,50
444,Gabite,Dragon,Ground,410,68,90,65,50,55,82,4,FALSE,FALSE,PU,50,90,65,17.18429516,40
455,Carnivine,Grass,,454,74,100,72,90,72,46,4,FALSE,FALSE,PU,46,100,72,20.63976744,54
457,Lumineon,Water,,460,69,69,76,69,86,91,4,FALSE,FALSE,PU,69,69,86,9.984988733,22
463,Lickilicky,Normal,,515,110,85,95,80,95,50,4,FALSE,FALSE,PU,50,85,95,18.50675552,45
470,Leafeon,Grass,,525,65,110,130,60,65,95,4,FALSE,FALSE,PU,60,110,130,29.70690156,70
471,Glaceon,Ice,,525,65,60,110,130,95,65,4,FALSE,FALSE,PU,60,130,110,29.70690156,70
476,Probopass,Rock,Steel,525,60,55,145,75,150,40,4,FALSE,FALSE,PU,40,75,150,51.30789413,110
477,Dusknoir,Ghost,,525,45,100,135,65,135,45,4,FALSE,FALSE,PU,45,100,135,40.68169121,90
486,Regigigas,Normal,,670,110,160,110,80,110,100,4,TRUE,FALSE,PU,80,160,110,29.49576241,80
489,Phione,Water,,480,80,80,80,80,80,80,4,TRUE,FALSE,PU,80,80,80,0,0
496,Servine,Grass,,413,60,60,75,60,75,83,5,FALSE,FALSE,PU,60,60,75,10.21273715,23
505,Watchog,Normal,,420,60,85,69,60,69,77,5,FALSE,FALSE,PU,60,85,69,9.433981132,25
508,Stoutland,Normal,,500,85,110,90,45,90,80,5,FALSE,FALSE,PU,45,110,90,23.87467277,65
512,Simisage,Grass,,498,75,98,63,98,63,101,5,FALSE,FALSE,PU,63,98,63,19.75601174,38
514,Simisear,Fire,,498,75,98,63,98,63,101,5,FALSE,FALSE,PU,63,98,63,19.75601174,38
516,Simipour,Water,,498,75,98,63,98,63,101,5,FALSE,FALSE,PU,63,98,63,19.75601174,38
521,Unfezant,Normal,Flying,488,80,115,80,65,55,93,5,FALSE,FALSE,PU,55,115,80,23.61778991,60
523,Zebstrika,Electric,,497,75,100,63,80,63,116,5,FALSE,FALSE,PU,63,100,63,23.33023789,53
526,Gigalith,Rock,,515,85,135,130,60,80,25,5,FALSE,FALSE,PU,25,135,130,46.82413907,110
528,Swoobat,Psychic,Flying,425,67,57,55,77,55,114,5,FALSE,FALSE,PU,55,77,55,25.45191545,59
531,Audino,Normal,,445,103,60,86,60,86,50,5,FALSE,FALSE,PU,50,60,86,16.57709263,36
542,Leavanny,Bug,Grass,500,75,103,80,70,80,92,5,FALSE,FALSE,PU,70,103,80,12.72792206,33
550,Basculin,Water,,460,70,92,65,80,55,98,5,FALSE,FALSE,PU,55,92,65,18.01388353,43
552,Krokorok,Ground,Dark,351,60,82,45,45,45,74,5,FALSE,FALSE,PU,45,82,45,18.29480801,37
556,Maractus,Grass,,461,75,86,67,106,67,60,5,FALSE,FALSE,PU,60,106,67,18.78030884,46
558,Crustle,Bug,Rock,475,70,95,125,65,75,45,5,FALSE,FALSE,PU,45,95,125,30.49590136,80
576,Gothitelle,Psychic,,490,70,55,95,95,110,65,5,FALSE,FALSE,PU,55,95,110,23.02172887,55
578,Duosion,Psychic,,370,65,40,50,125,60,30,5,FALSE,FALSE,PU,30,125,60,37.48332963,95
581,Swanna,Water,Flying,473,75,87,63,87,63,98,5,FALSE,FALSE,PU,63,87,63,15.80506248,35
584,Vanilluxe,Ice,,535,71,95,85,110,95,79,5,FALSE,FALSE,PU,79,110,95,11.79830496,31
586,Sawsbuck,Normal,Grass,475,80,100,70,60,70,95,5,FALSE,FALSE,PU,60,100,70,17.4642492,40
587,Emolga,Electric,Flying,428,55,75,60,75,60,103,5,FALSE,FALSE,PU,60,75,60,17.55847374,43
600,Klang,Steel,,440,60,80,95,70,85,50,5,FALSE,FALSE,PU,50,80,95,17.10263138,45
606,Beheeyem,Psychic,,485,75,75,75,125,95,40,5,FALSE,FALSE,PU,40,125,95,31.144823,85
611,Fraxure,Dragon,,410,66,117,70,40,50,67,5,FALSE,FALSE,PU,40,117,70,29.62600209,77
614,Beartic,Ice,,485,95,110,80,70,80,50,5,FALSE,FALSE,PU,50,110,80,21.67948339,60
615,Cryogonal,Ice,,485,70,50,30,95,135,105,5,FALSE,FALSE,PU,30,95,135,42.51470334,105
618,Stunfisk,Ground,Electric,471,109,66,84,81,99,32,5,FALSE,FALSE,PU,32,81,99,25.44209111,67
624,Pawniard,Dark,Steel,340,45,85,70,40,40,60,5,FALSE,FALSE,PU,40,85,70,19.49358869,45
626,Bouffalant,Normal,,490,95,110,95,40,95,55,5,FALSE,FALSE,PU,40,110,95,29.87473849,70
629,Vullaby,Dark,Flying,370,70,55,75,45,65,60,5,FALSE,FALSE,PU,45,55,75,11.18033989,30
631,Heatmor,Fire,,484,85,97,66,105,66,65,5,FALSE,FALSE,PU,65,105,66,19.56271965,40
634,Zweilous,Dark,Dragon,420,72,85,70,65,70,58,5,FALSE,FALSE,PU,58,85,70,9.914635646,27
651,Quilladin,Grass,,405,61,78,95,56,58,57,6,FALSE,FALSE,PU,56,78,95,17.25398505,39
673,Gogoat,Grass,,531,123,100,62,97,81,68,6,FALSE,FALSE,PU,62,100,81,16.92040189,38
676,Furfrou,Normal,,472,75,80,60,65,90,102,6,FALSE,FALSE,PU,60,80,90,17.37239189,42
702,Dedenne,Electric,Fairy,431,67,58,57,81,67,101,6,FALSE,FALSE,PU,57,81,67,18.47159982,44
703,Carbink,Rock,Fairy,500,50,50,150,50,150,50,6,FALSE,FALSE,PU,50,50,150,54.77225575,100
705,Sliggoo,Dragon,,452,68,75,53,83,113,60,6,FALSE,FALSE,PU,53,83,113,23.45634243,60
709,Trevenant,Ghost,Grass,474,85,110,76,65,82,56,6,FALSE,FALSE,PU,56,110,82,20.59611614,54
713,Avalugg,Ice,,514,95,117,184,44,46,28,6,FALSE,FALSE,PU,28,117,184,65.70540313,156
711,Gourgeist,Ghost,Grass,494,65,90,122,58,75,84,6,FALSE,FALSE,PU,58,90,122,23.56268236,64
711,Gourgeist-Small,Ghost,Grass,494,55,85,122,58,75,99,6,FALSE,FALSE,PU,58,85,122,24.26314077,64
711,Gourgeist-Large,Ghost,Grass,494,75,95,122,58,75,69,6,FALSE,FALSE,PU,58,95,122,25.23291501,64
711,Gourgeist-Super,Ghost,Grass,494,85,100,122,58,75,54,6,FALSE,FALSE,PU,54,100,122,28.86520397,68
678,Meowstic-M,Psychic,,466,74,48,76,83,81,104,6,FALSE,FALSE,PU,48,83,81,20.08233054,56
678,Meowstic-F,Psychic,,466,74,48,76,83,81,104,6,FALSE,FALSE,PU,48,83,81,20.08233054,56
479,Rotom-F,Electric,Ice,520,50,65,107,105,107,86,4,FALSE,FALSE,PU,65,105,107,18.46618531,42
479,Rotom-S,Electric,Flying,520,50,65,107,105,107,86,4,FALSE,FALSE,PU,65,105,107,18.46618531,42
413,Wormadam-Plant,Bug,Grass,424,60,59,85,79,105,36,4,FALSE,FALSE,PU,36,79,105,26.30969403,69
413,Wormadam-Sandy,Bug,Ground,424,60,79,105,59,85,36,4,FALSE,FALSE,PU,36,79,105,26.30969403,69
413,Wormadam-Trash,Bug,Steel,424,60,69,95,69,95,36,4,FALSE,FALSE,PU,36,69,95,24.33515975,59