X.,Name,Type.1,Type.2,Total,Attack,Sp..Atk,Speed,HP,Defense,Sp..Def,Generation,Legendary,Mega,Tier
384,Mega Rayquaza,Dragon,Flying,780,180,180,115,105,100,100,3,TRUE,TRUE,Uber
94,Mega Gengar,Ghost,Poison,600,65,170,130,60,80,95,1,FALSE,TRUE,Uber
115,Mega Kangaskhan,Normal,,590,125,60,100,105,100,100,1,FALSE,TRUE,Uber
150,Mewtwo,Psychic,,680,110,154,130,106,90,90,1,TRUE,FALSE,Uber
150,Mega Mewtwo X,Psychic,Fighting,780,190,154,130,106,100,100,1,TRUE,TRUE,Uber
150,Mega Mewtwo Y,Psychic,,780,150,194,140,106,70,120,1,TRUE,TRUE,Uber
249,Lugia,Psychic,Flying,680,90,90,110,106,130,154,2,TRUE,FALSE,Uber
250,Ho-oh,Fire,Flying,680,130,110,90,106,90,154,2,TRUE,FALSE,Uber
257,Blaziken,Fire,Fighting,530,120,110,80,80,70,70,3,FALSE,FALSE,Uber
257,Mega Blaziken,Fire,Fighting,630,160,130,100,80,80,80,3,FALSE,TRUE,Uber
302,Mega Sableye,Dark,Ghost,480,85,85,20,50,125,115,3,FALSE,TRUE,Uber
303,Mega Mawile,Steel,Fairy,480,105,55,50,50,125,95,3,FALSE,TRUE,Uber
373,Mega Salamence,Dragon,Flying,700,145,120,120,95,130,90,3,FALSE,TRUE,Uber
382,Kyogre,Water,,670,100,150,90,100,90,140,3,TRUE,FALSE,Uber
383,Groudon,Ground,,670,150,100,90,100,140,90,3,TRUE,FALSE,Uber
384,Rayquaza,Dragon,Flying,680,150,150,95,105,90,90,3,TRUE,FALSE,Uber
448,Mega Lucario,Fighting,Steel,625,145,140,112,70,88,70,4,FALSE,TRUE,Uber
483,Dialga,Steel,Dragon,680,120,150,90,100,120,100,4,TRUE,FALSE,Uber
484,Palkia,Water,Dragon,680,120,150,100,90,100,120,4,TRUE,FALSE,Uber
491,Darkrai,Dark,,600,90,135,125,70,90,90,4,TRUE,FALSE,Uber
643,Reshiram,Dragon,Fire,680,120,150,90,100,100,120,5,TRUE,FALSE,Uber
644,Zekrom,Dragon,Electric,680,150,120,90,100,120,100,5,TRUE,FALSE,Uber
649,Genesect,Bug,Steel,600,120,120,99,71,95,95,5,TRUE,FALSE,Uber
658,Greninja,Water,Dark,530,95,103,122,72,67,71,6,FALSE,FALSE,Uber
716,Xerneas,Fairy,,680,131,131,99,126,95,98,6,TRUE,FALSE,Uber
717,Yveltal,Dark,Flying,680,131,131,99,126,95,98,6,TRUE,FALSE,Uber
681,Aegislash,Steel,Ghost,520,150,150,60,60,50,50,6,FALSE,FALSE,Uber
386,Deoxys-A,Psychic,,600,180,180,150,50,20,20,3,TRUE,FALSE,Uber
386,Deoxys,Psychic,,600,150,150,150,50,50,50,3,TRUE,FALSE,Uber
386,Deoxys-S,Psychic,,600,95,95,180,50,90,90,3,TRUE,FALSE,Uber
386,Deoxys-D,Psychic,,600,70,70,90,50,160,160,3,TRUE,FALSE,Uber
487,Giratina,Ghost,Dragon,680,100,100,90,150,120,120,4,TRUE,FALSE,Uber
487,Giratina-O,Ghost,Dragon,680,120,120,90,150,100,100,4,TRUE,FALSE,Uber
646,Kyurem-W,Dragon,Ice,700,120,170,95,125,90,100,5,TRUE,FALSE,Uber
493,Arceus,Normal,,720,120,120,120,120,120,120,4,TRUE,FALSE,Uber
383,Primal Groudon,Ground,Fire,770,180,150,90,100,160,90,3,TRUE,FALSE,Uber
382,Primal Kyogre,Water,,770,150,180,90,100,90,160,3,TRUE,FALSE,Uber
720,Hoopa-U,Psychic,Dark,680,160,170,80,80,60,130,6,TRUE,FALSE,Uber
645,Landorus,Ground,Flying,600,125,115,101,89,90,80,5,TRUE,FALSE,Uber
492,Shaymin-S,Grass,Flying,600,103,120,127,100,75,75,4,TRUE,FALSE,Uber
3,Mega Venusaur,Grass,Poison,625,100,122,80,80,123,120,1,FALSE,TRUE,OU
6,Mega Charizard X,Fire,Dragon,634,130,130,100,78,111,85,1,FALSE,TRUE,OU
6,Mega Charizard Y,Fire,Flying,634,104,159,100,78,78,115,1,FALSE,TRUE,OU
36,Clefable,Fairy,,483,70,95,60,95,73,90,1,FALSE,FALSE,OU
51,Dugtrio,Ground,,405,80,50,120,35,50,70,1,FALSE,FALSE,OU
80,Slowbro,Water,Psychic,490,75,100,30,95,110,80,1,FALSE,FALSE,OU
80,Mega Slowbro,Water,Psychic,590,75,130,30,95,180,80,1,FALSE,TRUE,OU
94,Gengar,Ghost,Poison,500,65,130,110,60,60,75,1,FALSE,FALSE,OU
113,Chansey,Normal,,450,5,35,50,250,5,105,1,FALSE,FALSE,OU
121,Starmie,Water,Psychic,520,75,100,115,60,85,85,1,FALSE,FALSE,OU
127,Mega Pinsir,Bug,Flying,600,155,65,105,65,120,90,1,FALSE,TRUE,OU
145,Zapdos,Electric,Flying,580,90,125,100,90,85,90,1,TRUE,FALSE,OU
149,Dragonite,Dragon,Flying,600,134,100,80,91,95,100,1,FALSE,FALSE,OU
151,Mew,Psychic,,600,100,100,100,100,100,100,1,TRUE,FALSE,OU
184,Azumarill,Water,Fairy,420,50,60,50,100,80,80,2,FALSE,FALSE,OU
212,Scizor,Bug,Steel,500,130,55,65,70,100,80,2,FALSE,FALSE,OU
212,Mega Scizor,Bug,Steel,600,150,65,75,70,140,100,2,FALSE,TRUE,OU
214,Mega Heracross,Bug,Fighting,600,185,40,75,80,115,105,2,FALSE,TRUE,OU
227,Skarmory,Steel,Flying,465,80,40,70,65,140,70,2,FALSE,FALSE,OU
243,Raikou,Electric,,580,85,115,115,90,75,100,2,TRUE,FALSE,OU
248,Tyranitar,Rock,Dark,600,134,95,61,100,110,100,2,FALSE,FALSE,OU
248,Mega Tyranitar,Rock,Dark,700,164,95,71,100,150,120,2,FALSE,TRUE,OU
282,Mega Gardevoir,Psychic,Fairy,618,85,165,100,68,65,135,3,FALSE,TRUE,OU
286,Breloom,Grass,Fighting,460,130,60,70,60,80,60,3,FALSE,FALSE,OU
308,Mega Medicham,Fighting,Psychic,510,100,80,100,60,85,85,3,FALSE,TRUE,OU
310,Mega Manectric,Electric,,575,75,135,135,70,80,80,3,FALSE,TRUE,OU
376,Mega Metagross,Steel,Psychic,700,145,105,110,80,150,110,3,FALSE,TRUE,OU
380,Latias,Dragon,Psychic,600,80,110,110,80,90,130,3,TRUE,FALSE,OU
380,Mega Latias,Dragon,Psychic,700,100,140,110,80,120,150,3,TRUE,TRUE,OU
381,Latios,Dragon,Psychic,600,90,130,110,80,80,110,3,TRUE,FALSE,OU
381,Mega Latios,Dragon,Psychic,700,130,160,110,80,100,120,3,TRUE,TRUE,OU
385,Jirachi,Steel,Psychic,600,100,100,100,100,100,100,3,TRUE,FALSE,OU
428,Mega Lopunny,Normal,Fighting,580,136,54,135,65,94,96,4,FALSE,TRUE,OU
445,Garchomp,Dragon,Ground,600,130,80,102,108,95,85,4,FALSE,FALSE,OU
445,Mega Garchomp,Dragon,Ground,700,170,120,92,108,115,95,4,FALSE,TRUE,OU
450,Hippowdon,Ground,,525,112,68,47,108,118,72,4,FALSE,FALSE,OU
461,Weavile,Dark,Ice,510,120,45,125,70,65,85,4,FALSE,FALSE,OU
462,Magnezone,Electric,Steel,535,70,130,60,70,115,90,4,FALSE,FALSE,OU
465,Tangrowth,Grass,,535,100,110,50,100,125,50,4,FALSE,FALSE,OU
472,Gliscor,Ground,Flying,510,95,45,95,75,125,75,4,FALSE,FALSE,OU
482,Azelf,Psychic,,580,125,125,115,75,70,70,4,TRUE,FALSE,OU
485,Heatran,Fire,Steel,600,90,130,77,91,106,106,4,TRUE,FALSE,OU
490,Manaphy,Water,,600,100,100,100,100,100,100,4,TRUE,FALSE,OU
497,Serperior,Grass,,528,75,75,113,75,95,95,5,FALSE,FALSE,OU
530,Excadrill,Ground,Steel,508,135,50,88,110,60,65,5,FALSE,FALSE,OU
591,Amoonguss,Grass,Poison,464,85,85,30,114,70,80,5,FALSE,FALSE,OU
598,Ferrothorn,Grass,Steel,489,94,54,20,74,131,116,5,FALSE,FALSE,OU
625,Bisharp,Dark,Steel,490,125,60,70,65,100,70,5,FALSE,FALSE,OU
663,Talonflame,Fire,Flying,499,81,74,126,78,71,69,6,FALSE,FALSE,OU
719,Mega Diancie,Rock,Fairy,700,160,160,110,50,110,110,6,TRUE,TRUE,OU
721,Volcanion,Fire,Water,600,110,130,70,80,120,90,6,TRUE,FALSE,OU
647,Keldeo,Water,Fighting,580,72,129,108,91,90,90,5,FALSE,FALSE,OU
646,Kyurem-B,Dragon,Ice,700,170,120,95,125,100,90,5,TRUE,FALSE,OU
645,Landorus-T,Ground,Flying,600,145,105,91,89,90,80,5,TRUE,FALSE,OU
641,Tornadus-T,Flying,,580,100,110,121,79,80,90,5,TRUE,FALSE,OU
479,Rotom-W,Electric,Water,520,65,105,86,50,107,107,4,FALSE,FALSE,OU
642,Thundurus,Electric,Flying,580,115,125,111,79,70,80,5,TRUE,FALSE,OU
18,Mega Pidgeot,Normal,Flying,579,80,135,121,83,80,80,1,FALSE,TRUE,OU
65,Alakazam,Psychic,,500,50,135,120,55,45,95,1,FALSE,FALSE,OU
65,Mega Alakazam,Psychic,,590,50,175,150,55,65,95,1,FALSE,TRUE,OU
130,Mega Gyarados,Water,Dark,640,155,70,81,95,109,130,1,FALSE,TRUE,OU
334,Mega Altaria,Dragon,Fairy,590,110,110,80,75,110,105,3,FALSE,TRUE,OU
373,Salamence,Dragon,Flying,600,135,110,100,95,80,80,3,FALSE,FALSE,OU
398,Staraptor,Normal,Flying,485,120,50,100,85,70,60,4,FALSE,FALSE,OU
468,Togekiss,Fairy,Flying,545,50,120,80,85,95,115,4,FALSE,FALSE,OU
475,Mega Gallade,Psychic,Fighting,618,165,65,110,68,95,115,4,FALSE,TRUE,OU
494,Victini,Psychic,Fire,600,100,100,100,100,100,100,5,TRUE,FALSE,OU
545,Scolipede,Bug,Poison,485,100,55,112,60,89,69,5,FALSE,FALSE,OU
637,Volcarona,Bug,Fire,550,60,135,100,85,65,105,5,FALSE,FALSE,OU
639,Terrakion,Rock,Fighting,580,129,72,108,91,90,90,5,TRUE,FALSE,OU
660,Diggersby,Normal,Ground,423,56,50,78,85,77,77,6,FALSE,FALSE,OU
701,Hawlucha,Fighting,Flying,500,92,74,118,78,75,63,6,FALSE,FALSE,OU
642,Thundurus-T,Electric,Flying,580,105,145,101,79,70,80,5,TRUE,FALSE,OU
718,Zygarde,Dragon,Ground,600,100,81,95,108,121,95,6,TRUE,FALSE,OU
9,Mega Blastoise,Water,,630,103,135,78,79,120,115,1,FALSE,TRUE,UU
15,Mega Beedrill,Bug,Poison,495,150,15,145,65,40,80,1,FALSE,TRUE,UU
31,Nidoqueen,Poison,Ground,505,92,75,76,90,87,85,1,FALSE,FALSE,UU
34,Nidoking,Poison,Ground,505,102,85,85,81,77,75,1,FALSE,FALSE,UU
59,Arcanine,Fire,,555,110,100,95,90,80,80,1,FALSE,FALSE,UU
68,Machamp,Fighting,,505,130,65,55,90,80,85,1,FALSE,FALSE,UU
73,Tentacruel,Water,Poison,515,70,80,100,80,65,120,1,FALSE,FALSE,UU
91,Cloyster,Water,Ice,525,95,85,70,50,180,45,1,FALSE,FALSE,UU
130,Gyarados,Water,Flying,540,125,60,81,95,79,100,1,FALSE,FALSE,UU
134,Vaporeon,Water,,525,65,110,65,130,60,95,1,FALSE,FALSE,UU
142,Mega Aerodactyl,Rock,Flying,615,135,70,150,80,85,95,1,FALSE,TRUE,UU
143,Snorlax,Normal,,540,110,65,30,160,65,110,1,FALSE,FALSE,UU
160,Feraligatr,Water,,530,105,79,78,85,100,83,2,FALSE,FALSE,UU
169,Crobat,Poison,Flying,535,90,70,130,85,80,80,2,FALSE,FALSE,UU
181,Mega Ampharos,Electric,Dragon,610,95,165,45,90,105,110,2,FALSE,TRUE,UU
196,Espeon,Psychic,,525,65,130,110,65,60,95,2,FALSE,FALSE,UU
197,Umbreon,Dark,,525,65,60,65,95,110,130,2,FALSE,FALSE,UU
205,Forretress,Bug,Steel,465,90,60,40,75,140,60,2,FALSE,FALSE,UU
207,Gligar,Ground,Flying,430,75,35,85,65,105,65,2,FALSE,FALSE,UU
214,Heracross,Bug,Fighting,500,125,40,85,80,75,95,2,FALSE,FALSE,UU
232,Donphan,Ground,,500,120,60,50,90,120,60,2,FALSE,FALSE,UU
233,Porygon2,Normal,,515,80,105,60,85,90,95,2,FALSE,FALSE,UU
242,Blissey,Normal,,540,10,75,55,255,10,135,2,FALSE,FALSE,UU
244,Entei,Fire,,580,115,90,100,115,85,75,2,TRUE,FALSE,UU
245,Suicune,Water,,580,75,90,85,100,115,115,2,TRUE,FALSE,UU
251,Celebi,Psychic,Grass,600,100,100,100,100,100,100,2,TRUE,FALSE,UU
254,Mega Sceptile,Grass,Dragon,630,110,145,145,70,75,85,3,FALSE,TRUE,UU
260,Swampert,Water,Ground,535,110,85,60,100,90,90,3,FALSE,FALSE,UU
260,Mega Swampert,Water,Ground,635,150,95,70,100,110,110,3,FALSE,TRUE,UU
282,Gardevoir,Psychic,Fairy,518,65,125,80,68,65,115,3,FALSE,FALSE,UU
306,Mega Aggron,Steel,,630,140,60,50,70,230,80,3,FALSE,TRUE,UU
319,Mega Sharpedo,Water,Dark,560,140,110,105,70,70,65,3,FALSE,TRUE,UU
342,Crawdaunt,Water,Dark,468,120,90,55,63,85,55,3,FALSE,FALSE,UU
350,Milotic,Water,,540,60,100,81,95,79,125,3,FALSE,FALSE,UU
359,Mega Absol,Dark,,565,150,115,115,65,60,60,3,FALSE,TRUE,UU
376,Metagross,Steel,Psychic,600,135,95,70,80,130,90,3,FALSE,FALSE,UU
392,Infernape,Fire,Fighting,534,104,104,108,76,71,71,4,FALSE,FALSE,UU
395,Empoleon,Water,Steel,530,86,111,60,84,88,101,4,FALSE,FALSE,UU
407,Roserade,Grass,Poison,515,70,125,90,60,65,105,4,FALSE,FALSE,UU
448,Lucario,Fighting,Steel,525,110,115,90,70,70,70,4,FALSE,FALSE,UU
454,Toxicroak,Poison,Fighting,490,106,86,85,83,65,65,4,FALSE,FALSE,UU
473,Mamoswine,Ice,Ground,530,130,70,80,110,80,60,4,FALSE,FALSE,UU
474,Porygon-Z,Normal,,535,80,135,90,85,70,75,4,FALSE,FALSE,UU
488,Cresselia,Psychic,,600,70,75,85,120,120,130,4,FALSE,FALSE,UU
534,Conkeldurr,Fighting,,505,140,55,45,105,95,65,5,FALSE,FALSE,UU
547,Whimsicott,Grass,Fairy,480,67,77,116,60,85,75,5,FALSE,FALSE,UU
553,Krookodile,Ground,Dark,519,117,65,92,95,80,70,5,FALSE,FALSE,UU
579,Reuniclus,Psychic,,490,65,125,30,110,75,85,5,FALSE,FALSE,UU
596,Galvantula,Bug,Electric,472,77,97,108,70,60,60,5,FALSE,FALSE,UU
609,Chandelure,Ghost,Fire,520,55,145,80,60,90,90,5,FALSE,FALSE,UU
612,Haxorus,Dragon,,540,147,60,97,76,90,70,5,FALSE,FALSE,UU
620,Mienshao,Fighting,,510,125,95,105,65,60,60,5,FALSE,FALSE,UU
630,Mandibuzz,Dark,Flying,510,65,55,80,110,105,95,5,FALSE,FALSE,UU
635,Hydreigon,Dark,Dragon,600,105,125,98,92,90,90,5,FALSE,FALSE,UU
638,Cobalion,Steel,Fighting,580,90,90,108,91,129,72,5,TRUE,FALSE,UU
652,Chesnaught,Grass,Fighting,530,107,74,64,88,122,75,6,FALSE,FALSE,UU
671,Florges,Fairy,,552,65,112,75,78,68,154,6,FALSE,FALSE,UU
680,Doublade,Steel,Ghost,448,110,45,35,59,150,49,6,FALSE,FALSE,UU
695,Heliolisk,Electric,Normal,481,55,109,109,62,52,94,6,FALSE,FALSE,UU
700,Sylveon,Fairy,,525,65,110,60,95,65,130,6,FALSE,FALSE,UU
706,Goodra,Dragon,,600,100,110,80,90,70,150,6,FALSE,FALSE,UU
707,Klefki,Steel,Fairy,470,80,80,75,57,91,87,6,FALSE,FALSE,UU
555,Darmanitan,Fire,,480,140,30,95,105,55,55,5,FALSE,FALSE,UU
479,Rotom-H,Electric,Fire,520,65,105,86,50,107,107,4,FALSE,FALSE,UU
641,Tornadus,Flying,,580,115,125,111,79,70,80,5,TRUE,FALSE,UU
49,Venomoth,Bug,Poison,450,65,90,90,70,60,75,1,FALSE,FALSE,UU
146,Moltres,Fire,Flying,580,100,125,90,90,90,85,1,TRUE,FALSE,UU
208,Mega Steelix,Steel,Ground,610,125,55,30,75,230,95,2,FALSE,TRUE,UU
213,Shuckle,Bug,Rock,505,10,10,5,20,230,230,2,FALSE,FALSE,UU
229,Mega Houndoom,Dark,Fire,600,90,140,115,75,90,90,2,FALSE,TRUE,UU
230,Kingdra,Water,Dragon,540,95,95,85,75,95,95,2,FALSE,FALSE,UU
302,Sableye,Dark,Ghost,380,75,65,50,50,75,65,3,FALSE,FALSE,UU
319,Sharpedo,Water,Dark,460,120,95,95,70,40,40,3,FALSE,FALSE,UU
430,Honchkrow,Dark,Flying,505,125,105,71,100,52,52,4,FALSE,FALSE,UU
460,Mega Abomasnow,Grass,Ice,594,132,132,30,90,105,105,4,FALSE,TRUE,UU
469,Yanmega,Bug,Flying,515,76,116,95,86,86,56,4,FALSE,FALSE,UU
478,Froslass,Ice,Ghost,480,80,80,110,70,70,70,4,FALSE,FALSE,UU
571,Zoroark,Dark,,510,105,120,105,60,60,60,5,FALSE,FALSE,UU
632,Durant,Bug,Steel,484,109,48,109,58,112,48,5,FALSE,FALSE,UU
646,Kyurem,Dragon,Ice,660,130,130,95,125,90,90,5,TRUE,FALSE,UU
675,Pangoro,Fighting,Dark,495,124,69,58,95,78,71,6,FALSE,FALSE,UU
685,Slurpuff,Fairy,,480,80,85,72,82,86,75,6,FALSE,FALSE,UU
691,Dragalge,Poison,Dragon,494,75,97,44,65,90,123,6,FALSE,FALSE,UU
697,Tyrantrum,Rock,Dragon,521,121,69,71,82,119,59,6,FALSE,FALSE,UU
715,Noivern,Flying,Dragon,535,70,97,123,85,80,80,6,FALSE,FALSE,UU
492,Shaymin,Grass,,600,100,100,100,100,100,100,4,TRUE,FALSE,UU
3,Venusaur,Grass,Poison,525,82,100,80,80,83,100,1,FALSE,FALSE,RU
9,Blastoise,Water,,530,83,85,78,79,100,105,1,FALSE,FALSE,RU
42,Golbat,Poison,Flying,455,80,65,90,75,70,75,1,FALSE,FALSE,RU
82,Magneton,Electric,Steel,465,60,120,70,50,95,70,1,FALSE,FALSE,RU
106,Hitmonlee,Fighting,,455,120,35,87,50,53,110,1,FALSE,FALSE,RU
135,Jolteon,Electric,,525,65,110,130,65,60,95,1,FALSE,FALSE,RU
142,Aerodactyl,Rock,Flying,515,105,60,130,80,65,75,1,FALSE,FALSE,RU
157,Typhlosion,Fire,,534,84,109,100,78,78,85,2,FALSE,FALSE,RU
176,Togetic,Fairy,Flying,405,40,80,40,55,85,105,2,FALSE,FALSE,RU
199,Slowking,Water,Psychic,490,75,100,30,95,80,110,2,FALSE,FALSE,RU
210,Granbull,Fairy,,450,120,60,45,90,75,60,2,FALSE,FALSE,RU
211,Qwilfish,Water,Poison,430,95,55,85,65,75,55,2,FALSE,FALSE,RU
215,Sneasel,Dark,Ice,430,95,35,115,55,55,75,2,FALSE,FALSE,RU
229,Houndoom,Dark,Fire,500,90,110,95,75,50,80,2,FALSE,FALSE,RU
237,Hitmontop,Fighting,,455,95,35,70,50,95,110,2,FALSE,FALSE,RU
295,Exploud,Normal,,490,91,91,68,104,63,73,3,FALSE,FALSE,RU
308,Medicham,Fighting,Psychic,410,60,60,80,60,75,75,3,FALSE,FALSE,RU
323,Mega Camerupt,Fire,Ground,560,120,145,20,70,100,105,3,FALSE,TRUE,RU
330,Flygon,Ground,Dragon,520,100,80,100,80,80,80,3,FALSE,FALSE,RU
354,Mega Banette,Ghost,,555,165,93,75,64,75,83,3,FALSE,TRUE,RU
359,Absol,Dark,,465,130,75,75,65,60,60,3,FALSE,FALSE,RU
362,Mega Glalie,Ice,,580,120,120,100,80,80,80,3,FALSE,TRUE,RU
379,Registeel,Steel,,580,75,75,50,80,150,150,3,TRUE,FALSE,RU
424,Ambipom,Normal,,482,100,60,115,75,66,66,4,FALSE,FALSE,RU
437,Bronzong,Steel,Psychic,500,89,79,33,67,116,116,4,FALSE,FALSE,RU
442,Spiritomb,Ghost,Dark,485,92,92,35,50,108,108,4,FALSE,FALSE,RU
452,Drapion,Poison,Dark,500,90,60,95,70,110,75,4,FALSE,FALSE,RU
464,Rhyperior,Ground,Rock,535,140,55,40,115,130,55,4,FALSE,FALSE,RU
475,Gallade,Psychic,Fighting,518,125,65,80,68,65,115,4,FALSE,FALSE,RU
480,Uxie,Psychic,,580,75,75,95,75,130,130,4,TRUE,FALSE,RU
500,Emboar,Fire,Fighting,528,123,100,65,110,65,65,5,FALSE,FALSE,RU
537,Seismitoad,Water,Ground,509,95,85,74,105,75,75,5,FALSE,FALSE,RU
539,Sawk,Fighting,,465,125,30,85,75,75,75,5,FALSE,FALSE,RU
560,Scrafty,Dark,Fighting,488,90,45,58,65,115,115,5,FALSE,FALSE,RU
561,Sigilyph,Psychic,Flying,490,58,103,97,72,80,80,5,FALSE,FALSE,RU
563,Cofagrigus,Ghost,,483,50,95,30,58,145,105,5,FALSE,FALSE,RU
573,Cinccino,Normal,,470,95,65,115,75,60,60,5,FALSE,FALSE,RU
589,Escavalier,Bug,Steel,495,135,60,20,70,105,105,5,FALSE,FALSE,RU
593,Jellicent,Water,Ghost,480,60,85,60,100,70,105,5,FALSE,FALSE,RU
594,Alomomola,Water,,470,75,40,65,165,80,45,5,FALSE,FALSE,RU
604,Eelektross,Electric,,515,115,105,50,85,80,80,5,FALSE,FALSE,RU
617,Accelgor,Bug,,495,70,100,145,80,40,60,5,FALSE,FALSE,RU
621,Druddigon,Dragon,,485,120,60,48,77,90,90,5,FALSE,FALSE,RU
628,Braviary,Normal,Flying,510,123,57,80,100,75,75,5,FALSE,FALSE,RU
640,Virizion,Grass,Fighting,580,90,90,108,91,72,129,5,TRUE,FALSE,RU
655,Delphox,Fire,Psychic,534,69,114,104,75,72,100,6,FALSE,FALSE,RU
662,Fletchinder,Fire,Flying,382,73,56,84,62,55,52,6,FALSE,FALSE,RU
683,Aromatisse,Fairy,,462,72,99,29,101,72,89,6,FALSE,FALSE,RU
693,Clawitzer,Water,,500,73,120,59,71,88,89,6,FALSE,FALSE,RU
719,Diancie,Rock,Fairy,600,100,100,50,50,150,150,6,TRUE,FALSE,RU
720,Hoopa,Psychic,Ghost,600,110,150,70,80,60,130,6,TRUE,FALSE,RU
479,Meloetta,Electric,Grass,520,65,105,86,50,107,107,4,TRUE,FALSE,RU
648,Meloetta-P,Normal,Psychic,600,77,128,90,100,77,128,5,TRUE,FALSE,RU
648,Rotom-C,Normal,Fighting,600,128,77,128,100,90,77,5,FALSE,FALSE,RU
254,Sceptile,Grass,,530,85,105,120,70,65,85,3,FALSE,FALSE,RU
6,Charizard,Fire,Flying,534,84,109,100,78,78,85,1,FALSE,FALSE,NU
28,Sandslash,Ground,,450,100,45,65,75,110,55,1,FALSE,FALSE,NU
45,Vileplume,Grass,Poison,490,80,110,50,75,85,90,1,FALSE,FALSE,NU
57,Primeape,Fighting,,455,105,60,95,65,60,70,1,FALSE,FALSE,NU
62,Poliwrath,Water,Fighting,510,95,70,70,90,95,90,1,FALSE,FALSE,NU
93,Haunter,Ghost,Poison,405,50,115,95,45,45,55,1,FALSE,FALSE,NU
107,Hitmonchan,Fighting,,455,105,35,76,50,79,110,1,FALSE,FALSE,NU
110,Weezing,Poison,,490,90,85,60,65,120,70,1,FALSE,FALSE,NU
112,Rhydon,Ground,Rock,485,130,45,40,105,120,45,1,FALSE,FALSE,NU
115,Kangaskhan,Normal,,490,95,40,90,105,80,80,1,FALSE,FALSE,NU
123,Scyther,Bug,Flying,500,110,55,105,70,80,80,1,FALSE,FALSE,NU
124,Jynx,Ice,Psychic,455,50,115,95,65,35,95,1,FALSE,FALSE,NU
127,Pinsir,Bug,,500,125,55,85,65,100,70,1,FALSE,FALSE,NU
128,Tauros,Normal,,490,100,40,110,75,95,70,1,FALSE,FALSE,NU
139,Omastar,Rock,Water,495,60,115,55,70,125,70,1,FALSE,FALSE,NU
141,Kabutops,Rock,Water,495,115,65,80,60,105,70,1,FALSE,FALSE,NU
171,Lanturn,Water,Electric,460,58,76,67,125,58,76,2,FALSE,FALSE,NU
178,Xatu,Psychic,Flying,470,75,95,95,65,70,70,2,FALSE,FALSE,NU
208,Steelix,Steel,Ground,510,85,55,30,75,200,65,2,FALSE,FALSE,NU
221,Piloswine,Ice,Ground,450,100,60,50,100,80,60,2,FALSE,FALSE,NU
226,Mantine,Water,Flying,465,40,80,70,65,70,140,2,FALSE,FALSE,NU
241,Miltank,Normal,,490,80,40,100,95,105,70,2,FALSE,FALSE,NU
272,Ludicolo,Water,Grass,480,70,90,70,80,70,100,3,FALSE,FALSE,NU
275,Shiftry,Grass,Dark,480,100,90,80,90,60,60,3,FALSE,FALSE,NU
277,Swellow,Normal,Flying,430,85,50,125,60,60,50,3,FALSE,FALSE,NU
297,Hariyama,Fighting,,474,120,40,50,144,60,60,3,FALSE,FALSE,NU
306,Aggron,Steel,Rock,530,110,60,50,70,180,60,3,FALSE,FALSE,NU
310,Manectric,Electric,,475,75,105,105,70,60,60,3,FALSE,FALSE,NU
335,Zangoose,Normal,,458,115,60,90,73,60,60,3,FALSE,FALSE,NU
344,Claydol,Ground,Psychic,500,70,70,75,60,105,120,3,FALSE,FALSE,NU
346,Cradily,Rock,Grass,495,81,81,43,86,97,107,3,FALSE,FALSE,NU
352,Kecleon,Normal,,440,90,60,40,60,70,120,3,FALSE,FALSE,NU
377,Regirock,Rock,,580,100,50,50,80,200,100,3,TRUE,FALSE,NU
389,Torterra,Grass,Ground,525,109,75,56,95,105,85,4,FALSE,FALSE,NU
423,Gastrodon,Water,Ground,475,83,92,39,111,68,82,4,FALSE,FALSE,NU
429,Mismagius,Ghost,,495,60,105,105,60,60,105,4,FALSE,FALSE,NU
435,Skuntank,Poison,Dark,479,93,71,84,103,67,61,4,FALSE,FALSE,NU
460,Abomasnow,Grass,Ice,494,92,92,60,90,75,85,4,FALSE,FALSE,NU
466,Electivire,Electric,,540,123,95,95,75,67,85,4,FALSE,FALSE,NU
467,Magmortar,Fire,,540,95,125,83,75,67,95,4,FALSE,FALSE,NU
481,Mesprit,Psychic,,580,105,105,80,80,105,105,4,TRUE,FALSE,NU
503,Samurott,Water,,528,100,108,70,95,85,70,5,FALSE,FALSE,NU
510,Liepard,Dark,,446,88,88,106,64,50,50,5,FALSE,FALSE,NU
531,Mega Audino,Normal,Fairy,545,60,80,50,103,126,126,5,FALSE,TRUE,NU
533,Gurdurr,Fighting,,405,105,40,40,85,85,50,5,FALSE,FALSE,NU
549,Lilligant,Grass,,480,60,110,90,70,75,75,5,FALSE,FALSE,NU
567,Archeops,Rock,Flying,567,140,112,110,75,65,65,5,FALSE,FALSE,NU
569,Garbodor,Poison,,474,95,60,75,80,82,82,5,FALSE,FALSE,NU
597,Ferroseed,Grass,Steel,305,50,24,10,44,91,86,5,FALSE,FALSE,NU
601,Klinklang,Steel,,520,100,70,90,60,115,85,5,FALSE,FALSE,NU
623,Golurk,Ground,Ghost,483,124,55,55,89,80,80,5,FALSE,FALSE,NU
666,Vivillon,Bug,Flying,411,52,90,89,80,50,50,6,FALSE,FALSE,NU
668,Pyroar,Fire,Normal,507,68,109,106,86,72,66,6,FALSE,FALSE,NU
687,Malamar,Dark,Psychic,482,92,68,73,86,88,75,6,FALSE,FALSE,NU
689,Barbaracle,Rock,Water,500,105,54,68,72,115,86,6,FALSE,FALSE,NU
699,Aurorus,Rock,Ice,521,77,99,58,123,72,92,6,FALSE,FALSE,NU
479,Rotom,Electric,Ghost,440,50,95,91,50,77,77,4,FALSE,FALSE,NU
67,Machoke,Fighting,,405,100,50,45,80,70,60,1,FALSE,FALSE,NU
71,Victreebel,Grass,Poison,490,105,100,70,80,65,70,1,FALSE,FALSE,NU
103,Exeggutor,Grass,Psychic,520,95,125,55,95,85,65,1,FALSE,FALSE,NU
264,Linoone,Normal,,420,70,50,100,78,61,61,3,FALSE,FALSE,NU
288,Vigoroth,Normal,,440,80,55,90,80,80,55,3,FALSE,FALSE,NU
518,Musharna,Psychic,,487,55,107,29,116,85,95,5,FALSE,FALSE,NU
538,Throh,Fighting,,465,100,30,45,120,85,85,5,FALSE,FALSE,NU
565,Carracosta,Water,Rock,495,108,83,32,74,133,65,5,FALSE,FALSE,NU
8,Wartortle,Water,,405,63,65,58,59,80,80,1,FALSE,FALSE,PU
12,Butterfree,Bug,Flying,395,45,90,70,60,50,80,1,FALSE,FALSE,PU
15,Beedrill,Bug,Poison,395,90,45,75,65,40,80,1,FALSE,FALSE,PU
18,Pidgeot,Normal,Flying,479,80,70,101,83,75,70,1,FALSE,FALSE,PU
20,Raticate,Normal,,413,81,50,97,55,60,70,1,FALSE,FALSE,PU
22,Fearow,Normal,Flying,442,90,61,100,65,65,61,1,FALSE,FALSE,PU
24,Arbok,Poison,,438,85,65,80,60,69,79,1,FALSE,FALSE,PU
26,Raichu,Electric,,485,90,90,110,60,55,80,1,FALSE,FALSE,PU
35,Clefairy,Fairy,,323,45,60,35,70,48,65,1,FALSE,FALSE,PU
38,Ninetales,Fire,,505,76,81,100,73,75,100,1,FALSE,FALSE,PU
40,Wigglytuff,Normal,Fairy,435,70,85,45,140,45,50,1,FALSE,FALSE,PU
47,Parasect,Bug,Grass,405,95,60,30,60,80,80,1,FALSE,FALSE,PU
53,Persian,Normal,,440,70,65,115,65,60,65,1,FALSE,FALSE,PU
55,Golduck,Water,,500,82,95,85,80,78,80,1,FALSE,FALSE,PU
64,Kadabra,Psychic,,400,35,120,105,40,30,70,1,FALSE,FALSE,PU
76,Golem,Rock,Ground,495,120,55,45,80,130,65,1,FALSE,FALSE,PU
78,Rapidash,Fire,,500,100,80,105,65,70,80,1,FALSE,FALSE,PU
83,Farfetch'd,Normal,Flying,352,65,58,60,52,55,62,1,FALSE,FALSE,PU
85,Dodrio,Normal,Flying,460,110,60,100,60,70,60,1,FALSE,FALSE,PU
87,Dewgong,Water,Ice,475,70,70,70,90,80,95,1,FALSE,FALSE,PU
89,Muk,Poison,,500,105,65,50,105,75,100,1,FALSE,FALSE,PU
97,Hypno,Psychic,,483,73,73,67,85,70,115,1,FALSE,FALSE,PU
99,Kingler,Water,,475,130,50,75,55,115,50,1,FALSE,FALSE,PU
101,Electrode,Electric,,480,50,80,140,60,70,80,1,FALSE,FALSE,PU
105,Marowak,Ground,,425,80,50,45,60,110,80,1,FALSE,FALSE,PU
114,Tangela,Grass,,435,55,100,60,65,115,40,1,FALSE,FALSE,PU
119,Seaking,Water,,450,92,65,68,80,65,80,1,FALSE,FALSE,PU
122,Mr. Mime,Psychic,Fairy,460,45,100,90,40,65,120,1,FALSE,FALSE,PU
131,Lapras,Water,Ice,535,85,85,60,130,80,95,1,FALSE,FALSE,PU
132,Ditto,Normal,,288,48,48,48,48,48,48,1,FALSE,FALSE,PU
136,Flareon,Fire,,525,130,95,65,65,60,110,1,FALSE,FALSE,PU
144,Articuno,Ice,Flying,580,85,95,85,90,100,125,1,TRUE,FALSE,PU
148,Dragonair,Dragon,,420,84,70,70,61,65,70,1,FALSE,FALSE,PU
154,Meganium,Grass,,525,82,83,80,80,100,100,2,FALSE,TRUE,PU
162,Furret,Normal,,415,76,45,90,85,64,55,2,FALSE,FALSE,PU
164,Noctowl,Normal,Flying,442,50,76,70,100,50,96,2,FALSE,FALSE,PU
166,Ledian,Bug,Flying,390,35,55,85,55,50,110,2,FALSE,FALSE,PU
168,Ariados,Bug,Poison,390,90,60,40,70,70,60,2,FALSE,FALSE,PU
181,Ampharos,Electric,,510,75,115,55,90,85,90,2,FALSE,FALSE,PU
182,Bellossom,Grass,,490,80,90,50,75,95,100,2,FALSE,FALSE,PU
185,Sudowoodo,Rock,,410,100,30,30,70,115,65,2,FALSE,FALSE,PU
186,Politoed,Water,,500,75,90,70,90,75,100,2,FALSE,FALSE,PU
189,Jumpluff,Grass,Flying,460,55,55,110,75,70,95,2,FALSE,FALSE,PU
192,Sunflora,Grass,,425,75,105,30,75,55,85,2,FALSE,FALSE,PU
195,Quagsire,Water,Ground,430,85,65,35,95,85,65,2,FALSE,FALSE,PU
198,Murkrow,Dark,Flying,405,85,85,91,60,42,42,2,FALSE,FALSE,PU
200,Misdreavus,Ghost,,435,60,85,85,60,60,85,2,FALSE,FALSE,PU
201,Unown,Psychic,,336,72,72,48,48,48,48,2,FALSE,FALSE,PU
202,Wobbuffet,Psychic,,405,33,33,33,190,58,58,2,FALSE,FALSE,PU
203,Girafarig,Normal,Psychic,455,80,90,85,70,65,65,2,FALSE,FALSE,PU
206,Dunsparce,Normal,,415,70,65,45,100,70,65,2,FALSE,FALSE,PU
217,Ursaring,Normal,,500,130,75,55,90,75,75,2,FALSE,FALSE,PU
219,Magcargo,Fire,Rock,410,50,80,30,50,120,80,2,FALSE,FALSE,PU
222,Corsola,Water,Rock,380,55,65,35,55,85,85,2,FALSE,FALSE,PU
224,Octillery,Water,,480,105,105,45,75,75,75,2,FALSE,FALSE,PU
225,Delibird,Ice,Flying,330,55,65,75,45,45,45,2,FALSE,FALSE,PU
234,Stantler,Normal,,465,95,85,85,73,62,65,2,FALSE,FALSE,PU
235,Smeargle,Normal,,250,20,20,75,55,35,45,2,FALSE,FALSE,PU
256,Combusken,Fire,Fighting,405,85,85,55,60,60,60,3,FALSE,FALSE,PU
262,Mightyena,Dark,,420,90,60,70,70,70,60,3,FALSE,FALSE,PU
267,Beautifly,Bug,Flying,395,70,100,65,60,50,50,3,FALSE,FALSE,PU
269,Dustox,Bug,Poison,385,50,50,65,60,70,90,3,FALSE,FALSE,PU
279,Pelipper,Water,Flying,430,50,85,65,60,100,70,3,FALSE,FALSE,PU
284,Masquerain,Bug,Flying,414,60,80,60,70,62,82,3,FALSE,FALSE,PU
289,Slaking,Normal,,670,160,95,100,150,100,65,3,FALSE,FALSE,PU
291,Ninjask,Bug,Flying,456,90,50,160,61,45,50,3,FALSE,FALSE,PU
292,Shedinja,Bug,Ghost,236,90,30,40,1,45,30,3,FALSE,FALSE,PU
301,Delcatty,Normal,,380,65,55,70,70,65,55,3,FALSE,FALSE,PU
303,Mawile,Steel,Fairy,380,85,55,50,50,85,55,3,FALSE,FALSE,PU
311,Plusle,Electric,,405,50,85,95,60,40,75,3,FALSE,FALSE,PU
312,Minun,Electric,,405,40,75,95,60,50,85,3,FALSE,FALSE,PU
313,Volbeat,Bug,,400,73,47,85,65,55,75,3,FALSE,FALSE,PU
314,Illumise,Bug,,400,47,73,85,65,55,75,3,FALSE,FALSE,PU
315,Roselia,Grass,Poison,400,60,100,65,50,45,80,3,FALSE,FALSE,PU
317,Swalot,Poison,,467,73,73,55,100,83,83,3,FALSE,FALSE,PU
321,Wailord,Water,,500,90,90,60,170,45,45,3,FALSE,FALSE,PU
323,Camerupt,Fire,Ground,460,100,105,40,70,70,75,3,FALSE,FALSE,PU
324,Torkoal,Fire,,470,85,85,20,70,140,70,3,FALSE,FALSE,PU
326,Grumpig,Psychic,,470,45,90,80,80,65,110,3,FALSE,FALSE,PU
327,Spinda,Normal,,360,60,60,60,60,60,60,3,FALSE,FALSE,PU
329,Vibrava,Ground,Dragon,340,70,50,70,50,50,50,3,FALSE,FALSE,PU
332,Cacturne,Grass,Dark,475,115,115,55,70,60,60,3,FALSE,FALSE,PU
334,Altaria,Dragon,Flying,490,70,70,80,75,90,105,3,FALSE,FALSE,PU
336,Seviper,Poison,,458,100,100,65,73,60,60,3,FALSE,FALSE,PU
337,Lunatone,Rock,Psychic,440,55,95,70,70,65,85,3,FALSE,FALSE,PU
338,Solrock,Rock,Psychic,440,95,55,70,70,85,65,3,FALSE,FALSE,PU
340,Whiscash,Water,Ground,468,78,76,60,110,73,71,3,FALSE,FALSE,PU
348,Armaldo,Rock,Bug,495,125,70,45,75,100,80,3,FALSE,FALSE,PU
351,Castform,Normal,,420,70,70,70,70,70,70,3,FALSE,FALSE,PU
354,Banette,Ghost,,455,115,83,65,64,65,63,3,FALSE,FALSE,PU
356,Dusclops,Ghost,,455,70,60,25,40,130,130,3,FALSE,FALSE,PU
357,Tropius,Grass,Flying,460,68,72,51,99,83,87,3,FALSE,FALSE,PU
358,Chimecho,Psychic,,425,50,95,65,65,70,80,3,FALSE,FALSE,PU
362,Glalie,Ice,,480,80,80,80,80,80,80,3,FALSE,FALSE,PU
365,Walrein,Ice,Water,530,80,95,65,110,90,90,3,FALSE,FALSE,PU
367,Huntail,Water,,485,104,94,52,55,105,75,3,FALSE,FALSE,PU
368,Gorebyss,Water,,485,84,114,52,55,105,75,3,FALSE,FALSE,PU
369,Relicanth,Water,Rock,485,90,45,55,100,130,65,3,FALSE,FALSE,PU
370,Luvdisc,Water,,330,30,40,97,43,55,65,3,FALSE,FALSE,PU
375,Metang,Steel,Psychic,420,75,55,50,60,100,80,3,FALSE,FALSE,PU
378,Regice,Ice,,580,50,100,50,80,100,200,3,TRUE,FALSE,PU
391,Monferno,Fire,Fighting,405,78,78,81,64,52,52,4,FALSE,FALSE,PU
394,Prinplup,Water,,405,66,81,50,64,68,76,4,FALSE,FALSE,PU
400,Bibarel,Normal,Water,410,85,55,71,79,60,60,4,FALSE,FALSE,PU
402,Kricketune,Bug,,384,85,55,65,77,51,51,4,FALSE,FALSE,PU
405,Luxray,Electric,,523,120,95,70,80,79,79,4,FALSE,FALSE,PU
409,Rampardos,Rock,,495,165,65,58,97,60,50,4,FALSE,FALSE,PU
411,Bastiodon,Rock,Steel,495,52,47,30,60,168,138,4,FALSE,FALSE,PU
414,Mothim,Bug,Flying,424,94,94,66,70,50,50,4,FALSE,FALSE,PU
416,Vespiquen,Bug,Flying,474,80,80,40,70,102,102,4,FALSE,FALSE,PU
417,Pachirisu,Electric,,405,45,45,95,60,70,90,4,FALSE,FALSE,PU
419,Floatzel,Water,,495,105,85,115,85,55,50,4,FALSE,FALSE,PU
421,Cherrim,Grass,,450,60,87,85,70,70,78,4,FALSE,FALSE,PU
426,Drifblim,Ghost,Flying,498,80,90,80,150,44,54,4,FALSE,FALSE,PU
428,Lopunny,Normal,,480,76,54,105,65,84,96,4,FALSE,FALSE,PU
432,Purugly,Normal,,452,82,64,112,71,64,59,4,FALSE,FALSE,PU
441,Chatot,Normal,Flying,411,65,92,91,76,45,42,4,FALSE,FALSE,PU
444,Gabite,Dragon,Ground,410,90,50,82,68,65,55,4,FALSE,FALSE,PU
455,Carnivine,Grass,,454,100,90,46,74,72,72,4,FALSE,FALSE,PU
457,Lumineon,Water,,460,69,69,91,69,76,86,4,FALSE,FALSE,PU
463,Lickilicky,Normal,,515,85,80,50,110,95,95,4,FALSE,FALSE,PU
470,Leafeon,Grass,,525,110,60,95,65,130,65,4,FALSE,FALSE,PU
471,Glaceon,Ice,,525,60,130,65,65,110,95,4,FALSE,FALSE,PU
476,Probopass,Rock,Steel,525,55,75,40,60,145,150,4,FALSE,FALSE,PU
477,Dusknoir,Ghost,,525,100,65,45,45,135,135,4,FALSE,FALSE,PU
486,Regigigas,Normal,,670,160,80,100,110,110,110,4,TRUE,FALSE,PU
489,Phione,Water,,480,80,80,80,80,80,80,4,TRUE,FALSE,PU
496,Servine,Grass,,413,60,60,83,60,75,75,5,FALSE,FALSE,PU
505,Watchog,Normal,,420,85,60,77,60,69,69,5,FALSE,FALSE,PU
508,Stoutland,Normal,,500,110,45,80,85,90,90,5,FALSE,FALSE,PU
512,Simisage,Grass,,498,98,98,101,75,63,63,5,FALSE,FALSE,PU
514,Simisear,Fire,,498,98,98,101,75,63,63,5,FALSE,FALSE,PU
516,Simipour,Water,,498,98,98,101,75,63,63,5,FALSE,FALSE,PU
521,Unfezant,Normal,Flying,488,115,65,93,80,80,55,5,FALSE,FALSE,PU
523,Zebstrika,Electric,,497,100,80,116,75,63,63,5,FALSE,FALSE,PU
526,Gigalith,Rock,,515,135,60,25,85,130,80,5,FALSE,FALSE,PU
528,Swoobat,Psychic,Flying,425,57,77,114,67,55,55,5,FALSE,FALSE,PU
531,Audino,Normal,,445,60,60,50,103,86,86,5,FALSE,FALSE,PU
542,Leavanny,Bug,Grass,500,103,70,92,75,80,80,5,FALSE,FALSE,PU
550,Basculin,Water,,460,92,80,98,70,65,55,5,FALSE,FALSE,PU
552,Krokorok,Ground,Dark,351,82,45,74,60,45,45,5,FALSE,FALSE,PU
556,Maractus,Grass,,461,86,106,60,75,67,67,5,FALSE,FALSE,PU
558,Crustle,Bug,Rock,475,95,65,45,70,125,75,5,FALSE,FALSE,PU
576,Gothitelle,Psychic,,490,55,95,65,70,95,110,5,FALSE,FALSE,PU
578,Duosion,Psychic,,370,40,125,30,65,50,60,5,FALSE,FALSE,PU
581,Swanna,Water,Flying,473,87,87,98,75,63,63,5,FALSE,FALSE,PU
584,Vanilluxe,Ice,,535,95,110,79,71,85,95,5,FALSE,FALSE,PU
586,Sawsbuck,Normal,Grass,475,100,60,95,80,70,70,5,FALSE,FALSE,PU
587,Emolga,Electric,Flying,428,75,75,103,55,60,60,5,FALSE,FALSE,PU
600,Klang,Steel,,440,80,70,50,60,95,85,5,FALSE,FALSE,PU
606,Beheeyem,Psychic,,485,75,125,40,75,75,95,5,FALSE,FALSE,PU
611,Fraxure,Dragon,,410,117,40,67,66,70,50,5,FALSE,FALSE,PU
614,Beartic,Ice,,485,110,70,50,95,80,80,5,FALSE,FALSE,PU
615,Cryogonal,Ice,,485,50,95,105,70,30,135,5,FALSE,FALSE,PU
618,Stunfisk,Ground,Electric,471,66,81,32,109,84,99,5,FALSE,FALSE,PU
624,Pawniard,Dark,Steel,340,85,40,60,45,70,40,5,FALSE,FALSE,PU
626,Bouffalant,Normal,,490,110,40,55,95,95,95,5,FALSE,FALSE,PU
629,Vullaby,Dark,Flying,370,55,45,60,70,75,65,5,FALSE,FALSE,PU
631,Heatmor,Fire,,484,97,105,65,85,66,66,5,FALSE,FALSE,PU
634,Zweilous,Dark,Dragon,420,85,65,58,72,70,70,5,FALSE,FALSE,PU
651,Quilladin,Grass,,405,78,56,57,61,95,58,6,FALSE,FALSE,PU
673,Gogoat,Grass,,531,100,97,68,123,62,81,6,FALSE,FALSE,PU
676,Furfrou,Normal,,472,80,65,102,75,60,90,6,FALSE,FALSE,PU
702,Dedenne,Electric,Fairy,431,58,81,101,67,57,67,6,FALSE,FALSE,PU
703,Carbink,Rock,Fairy,500,50,50,50,50,150,150,6,FALSE,FALSE,PU
705,Sliggoo,Dragon,,452,75,83,60,68,53,113,6,FALSE,FALSE,PU
709,Trevenant,Ghost,Grass,474,110,65,56,85,76,82,6,FALSE,FALSE,PU
713,Avalugg,Ice,,514,117,44,28,95,184,46,6,FALSE,FALSE,PU
711,Gourgeist,Ghost,Grass,494,90,58,84,65,122,75,6,FALSE,FALSE,PU
711,Gourgeist-Small,Ghost,Grass,494,85,58,99,55,122,75,6,FALSE,FALSE,PU
711,Gourgeist-Large,Ghost,Grass,494,95,58,69,75,122,75,6,FALSE,FALSE,PU
711,Gourgeist-Super,Ghost,Grass,494,100,58,54,85,122,75,6,FALSE,FALSE,PU
678,Meowstic-M,Psychic,,466,48,83,104,74,76,81,6,FALSE,FALSE,PU
678,Meowstic-F,Psychic,,466,48,83,104,74,76,81,6,FALSE,FALSE,PU
479,Rotom-F,Electric,Ice,520,65,105,86,50,107,107,4,FALSE,FALSE,PU
479,Rotom-S,Electric,Flying,520,65,105,86,50,107,107,4,FALSE,FALSE,PU
413,Wormadam-Plant,Bug,Grass,424,59,79,36,60,85,105,4,FALSE,FALSE,PU
413,Wormadam-Sandy,Bug,Ground,424,79,59,36,60,105,85,4,FALSE,FALSE,PU
413,Wormadam-Trash,Bug,Steel,424,69,69,36,60,95,95,4,FALSE,FALSE,PU