X.,Name,Type.1,Type.2,Total,HP,Attack,Defense,Sp..Atk,Sp..Def,Speed,Generation,Legendary,Mega,Tier,HighestDef,LowestDef
384,Mega Rayquaza,Dragon,Flying,780,105,180,100,180,100,115,3,TRUE,TRUE,AG,100,100
94,Mega Gengar,Ghost,Poison,600,60,65,80,170,95,130,1,FALSE,TRUE,Uber,95,80
115,Mega Kangaskhan,Normal,,590,105,125,100,60,100,100,1,FALSE,TRUE,Uber,100,100
150,Mewtwo,Psychic,,680,106,110,90,154,90,130,1,TRUE,FALSE,Uber,90,90
150,Mega Mewtwo X,Psychic,Fighting,780,106,190,100,154,100,130,1,TRUE,TRUE,Uber,100,100
150,Mega Mewtwo Y,Psychic,,780,106,150,70,194,120,140,1,TRUE,TRUE,Uber,120,70
249,Lugia,Psychic,Flying,680,106,90,130,90,154,110,2,TRUE,FALSE,Uber,154,130
250,Ho-oh,Fire,Flying,680,106,130,90,110,154,90,2,TRUE,FALSE,Uber,154,90
257,Blaziken,Fire,Fighting,530,80,120,70,110,70,80,3,FALSE,FALSE,Uber,70,70
257,Mega Blaziken,Fire,Fighting,630,80,160,80,130,80,100,3,FALSE,TRUE,Uber,80,80
302,Mega Sableye,Dark,Ghost,480,50,85,125,85,115,20,3,FALSE,TRUE,Uber,125,115
303,Mega Mawile,Steel,Fairy,480,50,105,125,55,95,50,3,FALSE,TRUE,Uber,125,95
373,Mega Salamence,Dragon,Flying,700,95,145,130,120,90,120,3,FALSE,TRUE,Uber,130,90
382,Kyogre,Water,,670,100,100,90,150,140,90,3,TRUE,FALSE,Uber,140,90
383,Groudon,Ground,,670,100,150,140,100,90,90,3,TRUE,FALSE,Uber,140,90
384,Rayquaza,Dragon,Flying,680,105,150,90,150,90,95,3,TRUE,FALSE,Uber,90,90
448,Mega Lucario,Fighting,Steel,625,70,145,88,140,70,112,4,FALSE,TRUE,Uber,88,70
483,Dialga,Steel,Dragon,680,100,120,120,150,100,90,4,TRUE,FALSE,Uber,120,100
484,Palkia,Water,Dragon,680,90,120,100,150,120,100,4,TRUE,FALSE,Uber,120,100
491,Darkrai,Dark,,600,70,90,90,135,90,125,4,TRUE,FALSE,Uber,90,90
643,Reshiram,Dragon,Fire,680,100,120,100,150,120,90,5,TRUE,FALSE,Uber,120,100
644,Zekrom,Dragon,Electric,680,100,150,120,120,100,90,5,TRUE,FALSE,Uber,120,100
649,Genesect,Bug,Steel,600,71,120,95,120,95,99,5,TRUE,FALSE,Uber,95,95
658,Greninja,Water,Dark,530,72,95,67,103,71,122,6,FALSE,FALSE,Uber,71,67
716,Xerneas,Fairy,,680,126,131,95,131,98,99,6,TRUE,FALSE,Uber,98,95
717,Yveltal,Dark,Flying,680,126,131,95,131,98,99,6,TRUE,FALSE,Uber,98,95
681,Aegislash,Steel,Ghost,520,60,150,50,150,50,60,6,FALSE,FALSE,Uber,50,50
386,Deoxys-A,Psychic,,600,50,180,20,180,20,150,3,TRUE,FALSE,Uber,20,20
386,Deoxys,Psychic,,600,50,150,50,150,50,150,3,TRUE,FALSE,Uber,50,50
386,Deoxys-S,Psychic,,600,50,95,90,95,90,180,3,TRUE,FALSE,Uber,90,90
386,Deoxys-D,Psychic,,600,50,70,160,70,160,90,3,TRUE,FALSE,Uber,160,160
487,Giratina,Ghost,Dragon,680,150,100,120,100,120,90,4,TRUE,FALSE,Uber,120,120
487,Giratina-O,Ghost,Dragon,680,150,120,100,120,100,90,4,TRUE,FALSE,Uber,100,100
646,Kyurem-W,Dragon,Ice,700,125,120,90,170,100,95,5,TRUE,FALSE,Uber,100,90
493,Arceus,Normal,,720,120,120,120,120,120,120,4,TRUE,FALSE,Uber,120,120
383,Primal Groudon,Ground,Fire,770,100,180,160,150,90,90,3,TRUE,FALSE,Uber,160,90
382,Primal Kyogre,Water,,770,100,150,90,180,160,90,3,TRUE,FALSE,Uber,160,90
720,Hoopa-U,Psychic,Dark,680,80,160,60,170,130,80,6,TRUE,FALSE,Uber,130,60
645,Landorus,Ground,Flying,600,89,125,90,115,80,101,5,TRUE,FALSE,Uber,90,80
492,Shaymin-S,Grass,Flying,600,100,103,75,120,75,127,4,TRUE,FALSE,Uber,75,75
3,Mega Venusaur,Grass,Poison,625,80,100,123,122,120,80,1,FALSE,TRUE,OU,123,120
6,Mega Charizard X,Fire,Dragon,634,78,130,111,130,85,100,1,FALSE,TRUE,OU,111,85
6,Mega Charizard Y,Fire,Flying,634,78,104,78,159,115,100,1,FALSE,TRUE,OU,115,78
36,Clefable,Fairy,,483,95,70,73,95,90,60,1,FALSE,FALSE,OU,90,73
51,Dugtrio,Ground,,405,35,80,50,50,70,120,1,FALSE,FALSE,OU,70,50
80,Slowbro,Water,Psychic,490,95,75,110,100,80,30,1,FALSE,FALSE,OU,110,80
80,Mega Slowbro,Water,Psychic,590,95,75,180,130,80,30,1,FALSE,TRUE,OU,180,80
94,Gengar,Ghost,Poison,500,60,65,60,130,75,110,1,FALSE,FALSE,OU,75,60
113,Chansey,Normal,,450,250,5,5,35,105,50,1,FALSE,FALSE,OU,105,5
121,Starmie,Water,Psychic,520,60,75,85,100,85,115,1,FALSE,FALSE,OU,85,85
127,Mega Pinsir,Bug,Flying,600,65,155,120,65,90,105,1,FALSE,TRUE,OU,120,90
145,Zapdos,Electric,Flying,580,90,90,85,125,90,100,1,TRUE,FALSE,OU,90,85
149,Dragonite,Dragon,Flying,600,91,134,95,100,100,80,1,FALSE,FALSE,OU,100,95
151,Mew,Psychic,,600,100,100,100,100,100,100,1,TRUE,FALSE,OU,100,100
184,Azumarill,Water,Fairy,420,100,50,80,60,80,50,2,FALSE,FALSE,OU,80,80
212,Scizor,Bug,Steel,500,70,130,100,55,80,65,2,FALSE,FALSE,OU,100,80
212,Mega Scizor,Bug,Steel,600,70,150,140,65,100,75,2,FALSE,TRUE,OU,140,100
214,Mega Heracross,Bug,Fighting,600,80,185,115,40,105,75,2,FALSE,TRUE,OU,115,105
227,Skarmory,Steel,Flying,465,65,80,140,40,70,70,2,FALSE,FALSE,OU,140,70
243,Raikou,Electric,,580,90,85,75,115,100,115,2,TRUE,FALSE,OU,100,75
248,Tyranitar,Rock,Dark,600,100,134,110,95,100,61,2,FALSE,FALSE,OU,110,100
248,Mega Tyranitar,Rock,Dark,700,100,164,150,95,120,71,2,FALSE,TRUE,OU,150,120
282,Mega Gardevoir,Psychic,Fairy,618,68,85,65,165,135,100,3,FALSE,TRUE,OU,135,65
286,Breloom,Grass,Fighting,460,60,130,80,60,60,70,3,FALSE,FALSE,OU,80,60
308,Mega Medicham,Fighting,Psychic,510,60,100,85,80,85,100,3,FALSE,TRUE,OU,85,85
310,Mega Manectric,Electric,,575,70,75,80,135,80,135,3,FALSE,TRUE,OU,80,80
376,Mega Metagross,Steel,Psychic,700,80,145,150,105,110,110,3,FALSE,TRUE,OU,150,110
380,Latias,Dragon,Psychic,600,80,80,90,110,130,110,3,TRUE,FALSE,OU,130,90
380,Mega Latias,Dragon,Psychic,700,80,100,120,140,150,110,3,TRUE,TRUE,OU,150,120
381,Latios,Dragon,Psychic,600,80,90,80,130,110,110,3,TRUE,FALSE,OU,110,80
381,Mega Latios,Dragon,Psychic,700,80,130,100,160,120,110,3,TRUE,TRUE,OU,120,100
385,Jirachi,Steel,Psychic,600,100,100,100,100,100,100,3,TRUE,FALSE,OU,100,100
428,Mega Lopunny,Normal,Fighting,580,65,136,94,54,96,135,4,FALSE,TRUE,OU,96,94
445,Garchomp,Dragon,Ground,600,108,130,95,80,85,102,4,FALSE,FALSE,OU,95,85
445,Mega Garchomp,Dragon,Ground,700,108,170,115,120,95,92,4,FALSE,TRUE,OU,115,95
450,Hippowdon,Ground,,525,108,112,118,68,72,47,4,FALSE,FALSE,OU,118,72
461,Weavile,Dark,Ice,510,70,120,65,45,85,125,4,FALSE,FALSE,OU,85,65
462,Magnezone,Electric,Steel,535,70,70,115,130,90,60,4,FALSE,FALSE,OU,115,90
465,Tangrowth,Grass,,535,100,100,125,110,50,50,4,FALSE,FALSE,OU,125,50
472,Gliscor,Ground,Flying,510,75,95,125,45,75,95,4,FALSE,FALSE,OU,125,75
482,Azelf,Psychic,,580,75,125,70,125,70,115,4,TRUE,FALSE,OU,70,70
485,Heatran,Fire,Steel,600,91,90,106,130,106,77,4,TRUE,FALSE,OU,106,106
490,Manaphy,Water,,600,100,100,100,100,100,100,4,TRUE,FALSE,OU,100,100
497,Serperior,Grass,,528,75,75,95,75,95,113,5,FALSE,FALSE,OU,95,95
530,Excadrill,Ground,Steel,508,110,135,60,50,65,88,5,FALSE,FALSE,OU,65,60
591,Amoonguss,Grass,Poison,464,114,85,70,85,80,30,5,FALSE,FALSE,OU,80,70
598,Ferrothorn,Grass,Steel,489,74,94,131,54,116,20,5,FALSE,FALSE,OU,131,116
625,Bisharp,Dark,Steel,490,65,125,100,60,70,70,5,FALSE,FALSE,OU,100,70
663,Talonflame,Fire,Flying,499,78,81,71,74,69,126,6,FALSE,FALSE,OU,71,69
719,Mega Diancie,Rock,Fairy,700,50,160,110,160,110,110,6,TRUE,TRUE,OU,110,110
721,Volcanion,Fire,Water,600,80,110,120,130,90,70,6,TRUE,FALSE,OU,120,90
647,Keldeo,Water,Fighting,580,91,72,90,129,90,108,5,FALSE,FALSE,OU,90,90
646,Kyurem-B,Dragon,Ice,700,125,170,100,120,90,95,5,TRUE,FALSE,OU,100,90
645,Landorus-T,Ground,Flying,600,89,145,90,105,80,91,5,TRUE,FALSE,OU,90,80
641,Tornadus-T,Flying,,580,79,100,80,110,90,121,5,TRUE,FALSE,OU,90,80
479,Rotom-W,Electric,Water,520,50,65,107,105,107,86,4,FALSE,FALSE,OU,107,107
642,Thundurus,Electric,Flying,580,79,115,70,125,80,111,5,TRUE,FALSE,OU,80,70
18,Mega Pidgeot,Normal,Flying,579,83,80,80,135,80,121,1,FALSE,TRUE,BL,80,80
65,Alakazam,Psychic,,500,55,50,45,135,95,120,1,FALSE,FALSE,BL,95,45
65,Mega Alakazam,Psychic,,590,55,50,65,175,95,150,1,FALSE,TRUE,BL,95,65
130,Mega Gyarados,Water,Dark,640,95,155,109,70,130,81,1,FALSE,TRUE,BL,130,109
334,Mega Altaria,Dragon,Fairy,590,75,110,110,110,105,80,3,FALSE,TRUE,BL,110,105
373,Salamence,Dragon,Flying,600,95,135,80,110,80,100,3,FALSE,FALSE,BL,80,80
398,Staraptor,Normal,Flying,485,85,120,70,50,60,100,4,FALSE,FALSE,BL,70,60
468,Togekiss,Fairy,Flying,545,85,50,95,120,115,80,4,FALSE,FALSE,BL,115,95
475,Mega Gallade,Psychic,Fighting,618,68,165,95,65,115,110,4,FALSE,TRUE,BL,115,95
494,Victini,Psychic,Fire,600,100,100,100,100,100,100,5,TRUE,FALSE,BL,100,100
545,Scolipede,Bug,Poison,485,60,100,89,55,69,112,5,FALSE,FALSE,BL,89,69
637,Volcarona,Bug,Fire,550,85,60,65,135,105,100,5,FALSE,FALSE,BL,105,65
639,Terrakion,Rock,Fighting,580,91,129,90,72,90,108,5,TRUE,FALSE,BL,90,90
660,Diggersby,Normal,Ground,423,85,56,77,50,77,78,6,FALSE,FALSE,BL,77,77
701,Hawlucha,Fighting,Flying,500,78,92,75,74,63,118,6,FALSE,FALSE,BL,75,63
642,Thundurus-T,Electric,Flying,580,79,105,70,145,80,101,5,TRUE,FALSE,BL,80,70
718,Zygarde,Dragon,Ground,600,108,100,121,81,95,95,6,TRUE,FALSE,BL,121,95
9,Mega Blastoise,Water,,630,79,103,120,135,115,78,1,FALSE,TRUE,UU,120,115
15,Mega Beedrill,Bug,Poison,495,65,150,40,15,80,145,1,FALSE,TRUE,UU,80,40
31,Nidoqueen,Poison,Ground,505,90,92,87,75,85,76,1,FALSE,FALSE,UU,87,85
34,Nidoking,Poison,Ground,505,81,102,77,85,75,85,1,FALSE,FALSE,UU,77,75
59,Arcanine,Fire,,555,90,110,80,100,80,95,1,FALSE,FALSE,UU,80,80
68,Machamp,Fighting,,505,90,130,80,65,85,55,1,FALSE,FALSE,UU,85,80
73,Tentacruel,Water,Poison,515,80,70,65,80,120,100,1,FALSE,FALSE,UU,120,65
91,Cloyster,Water,Ice,525,50,95,180,85,45,70,1,FALSE,FALSE,UU,180,45
130,Gyarados,Water,Flying,540,95,125,79,60,100,81,1,FALSE,FALSE,UU,100,79
134,Vaporeon,Water,,525,130,65,60,110,95,65,1,FALSE,FALSE,UU,95,60
142,Mega Aerodactyl,Rock,Flying,615,80,135,85,70,95,150,1,FALSE,TRUE,UU,95,85
143,Snorlax,Normal,,540,160,110,65,65,110,30,1,FALSE,FALSE,UU,110,65
160,Feraligatr,Water,,530,85,105,100,79,83,78,2,FALSE,FALSE,UU,100,83
169,Crobat,Poison,Flying,535,85,90,80,70,80,130,2,FALSE,FALSE,UU,80,80
181,Mega Ampharos,Electric,Dragon,610,90,95,105,165,110,45,2,FALSE,TRUE,UU,110,105
196,Espeon,Psychic,,525,65,65,60,130,95,110,2,FALSE,FALSE,UU,95,60
197,Umbreon,Dark,,525,95,65,110,60,130,65,2,FALSE,FALSE,UU,130,110
205,Forretress,Bug,Steel,465,75,90,140,60,60,40,2,FALSE,FALSE,UU,140,60
207,Gligar,Ground,Flying,430,65,75,105,35,65,85,2,FALSE,FALSE,UU,105,65
214,Heracross,Bug,Fighting,500,80,125,75,40,95,85,2,FALSE,FALSE,UU,95,75
232,Donphan,Ground,,500,90,120,120,60,60,50,2,FALSE,FALSE,UU,120,60
233,Porygon2,Normal,,515,85,80,90,105,95,60,2,FALSE,FALSE,UU,95,90
242,Blissey,Normal,,540,255,10,10,75,135,55,2,FALSE,FALSE,UU,135,10
244,Entei,Fire,,580,115,115,85,90,75,100,2,TRUE,FALSE,UU,85,75
245,Suicune,Water,,580,100,75,115,90,115,85,2,TRUE,FALSE,UU,115,115
251,Celebi,Psychic,Grass,600,100,100,100,100,100,100,2,TRUE,FALSE,UU,100,100
254,Mega Sceptile,Grass,Dragon,630,70,110,75,145,85,145,3,FALSE,TRUE,UU,85,75
260,Swampert,Water,Ground,535,100,110,90,85,90,60,3,FALSE,FALSE,UU,90,90
260,Mega Swampert,Water,Ground,635,100,150,110,95,110,70,3,FALSE,TRUE,UU,110,110
282,Gardevoir,Psychic,Fairy,518,68,65,65,125,115,80,3,FALSE,FALSE,UU,115,65
306,Mega Aggron,Steel,,630,70,140,230,60,80,50,3,FALSE,TRUE,UU,230,80
319,Mega Sharpedo,Water,Dark,560,70,140,70,110,65,105,3,FALSE,TRUE,UU,70,65
342,Crawdaunt,Water,Dark,468,63,120,85,90,55,55,3,FALSE,FALSE,UU,85,55
350,Milotic,Water,,540,95,60,79,100,125,81,3,FALSE,FALSE,UU,125,79
359,Mega Absol,Dark,,565,65,150,60,115,60,115,3,FALSE,TRUE,UU,60,60
376,Metagross,Steel,Psychic,600,80,135,130,95,90,70,3,FALSE,FALSE,UU,130,90
392,Infernape,Fire,Fighting,534,76,104,71,104,71,108,4,FALSE,FALSE,UU,71,71
395,Empoleon,Water,Steel,530,84,86,88,111,101,60,4,FALSE,FALSE,UU,101,88
407,Roserade,Grass,Poison,515,60,70,65,125,105,90,4,FALSE,FALSE,UU,105,65
448,Lucario,Fighting,Steel,525,70,110,70,115,70,90,4,FALSE,FALSE,UU,70,70
454,Toxicroak,Poison,Fighting,490,83,106,65,86,65,85,4,FALSE,FALSE,UU,65,65
473,Mamoswine,Ice,Ground,530,110,130,80,70,60,80,4,FALSE,FALSE,UU,80,60
474,Porygon-Z,Normal,,535,85,80,70,135,75,90,4,FALSE,FALSE,UU,75,70
488,Cresselia,Psychic,,600,120,70,120,75,130,85,4,FALSE,FALSE,UU,130,120
534,Conkeldurr,Fighting,,505,105,140,95,55,65,45,5,FALSE,FALSE,UU,95,65
547,Whimsicott,Grass,Fairy,480,60,67,85,77,75,116,5,FALSE,FALSE,UU,85,75
553,Krookodile,Ground,Dark,519,95,117,80,65,70,92,5,FALSE,FALSE,UU,80,70
579,Reuniclus,Psychic,,490,110,65,75,125,85,30,5,FALSE,FALSE,UU,85,75
596,Galvantula,Bug,Electric,472,70,77,60,97,60,108,5,FALSE,FALSE,UU,60,60
609,Chandelure,Ghost,Fire,520,60,55,90,145,90,80,5,FALSE,FALSE,UU,90,90
612,Haxorus,Dragon,,540,76,147,90,60,70,97,5,FALSE,FALSE,UU,90,70
620,Mienshao,Fighting,,510,65,125,60,95,60,105,5,FALSE,FALSE,UU,60,60
630,Mandibuzz,Dark,Flying,510,110,65,105,55,95,80,5,FALSE,FALSE,UU,105,95
635,Hydreigon,Dark,Dragon,600,92,105,90,125,90,98,5,FALSE,FALSE,UU,90,90
638,Cobalion,Steel,Fighting,580,91,90,129,90,72,108,5,TRUE,FALSE,UU,129,72
652,Chesnaught,Grass,Fighting,530,88,107,122,74,75,64,6,FALSE,FALSE,UU,122,75
671,Florges,Fairy,,552,78,65,68,112,154,75,6,FALSE,FALSE,UU,154,68
680,Doublade,Steel,Ghost,448,59,110,150,45,49,35,6,FALSE,FALSE,UU,150,49
695,Heliolisk,Electric,Normal,481,62,55,52,109,94,109,6,FALSE,FALSE,UU,94,52
700,Sylveon,Fairy,,525,95,65,65,110,130,60,6,FALSE,FALSE,UU,130,65
706,Goodra,Dragon,,600,90,100,70,110,150,80,6,FALSE,FALSE,UU,150,70
707,Klefki,Steel,Fairy,470,57,80,91,80,87,75,6,FALSE,FALSE,UU,91,87
555,Darmanitan,Fire,,480,105,140,55,30,55,95,5,FALSE,FALSE,UU,55,55
479,Rotom-H,Electric,Fire,520,50,65,107,105,107,86,4,FALSE,FALSE,UU,107,107
641,Tornadus,Flying,,580,79,115,70,125,80,111,5,TRUE,FALSE,UU,80,70
49,Venomoth,Bug,Poison,450,70,65,60,90,75,90,1,FALSE,FALSE,BL2,75,60
146,Moltres,Fire,Flying,580,90,100,90,125,85,90,1,TRUE,FALSE,BL2,90,85
208,Mega Steelix,Steel,Ground,610,75,125,230,55,95,30,2,FALSE,TRUE,BL2,230,95
213,Shuckle,Bug,Rock,505,20,10,230,10,230,5,2,FALSE,FALSE,BL2,230,230
229,Mega Houndoom,Dark,Fire,600,75,90,90,140,90,115,2,FALSE,TRUE,BL2,90,90
230,Kingdra,Water,Dragon,540,75,95,95,95,95,85,2,FALSE,FALSE,BL2,95,95
302,Sableye,Dark,Ghost,380,50,75,75,65,65,50,3,FALSE,FALSE,BL2,75,65
319,Sharpedo,Water,Dark,460,70,120,40,95,40,95,3,FALSE,FALSE,BL2,40,40
430,Honchkrow,Dark,Flying,505,100,125,52,105,52,71,4,FALSE,FALSE,BL2,52,52
460,Mega Abomasnow,Grass,Ice,594,90,132,105,132,105,30,4,FALSE,TRUE,BL2,105,105
469,Yanmega,Bug,Flying,515,86,76,86,116,56,95,4,FALSE,FALSE,BL2,86,56
478,Froslass,Ice,Ghost,480,70,80,70,80,70,110,4,FALSE,FALSE,BL2,70,70
571,Zoroark,Dark,,510,60,105,60,120,60,105,5,FALSE,FALSE,BL2,60,60
632,Durant,Bug,Steel,484,58,109,112,48,48,109,5,FALSE,FALSE,BL2,112,48
646,Kyurem,Dragon,Ice,660,125,130,90,130,90,95,5,TRUE,FALSE,BL2,90,90
675,Pangoro,Fighting,Dark,495,95,124,78,69,71,58,6,FALSE,FALSE,BL2,78,71
685,Slurpuff,Fairy,,480,82,80,86,85,75,72,6,FALSE,FALSE,BL2,86,75
691,Dragalge,Poison,Dragon,494,65,75,90,97,123,44,6,FALSE,FALSE,BL2,123,90
697,Tyrantrum,Rock,Dragon,521,82,121,119,69,59,71,6,FALSE,FALSE,BL2,119,59
715,Noivern,Flying,Dragon,535,85,70,80,97,80,123,6,FALSE,FALSE,BL2,80,80
492,Shaymin,Grass,,600,100,100,100,100,100,100,4,TRUE,FALSE,BL2,100,100
3,Venusaur,Grass,Poison,525,80,82,83,100,100,80,1,FALSE,FALSE,RU,100,83
9,Blastoise,Water,,530,79,83,100,85,105,78,1,FALSE,FALSE,RU,105,100
42,Golbat,Poison,Flying,455,75,80,70,65,75,90,1,FALSE,FALSE,RU,75,70
82,Magneton,Electric,Steel,465,50,60,95,120,70,70,1,FALSE,FALSE,RU,95,70
106,Hitmonlee,Fighting,,455,50,120,53,35,110,87,1,FALSE,FALSE,RU,110,53
135,Jolteon,Electric,,525,65,65,60,110,95,130,1,FALSE,FALSE,RU,95,60
142,Aerodactyl,Rock,Flying,515,80,105,65,60,75,130,1,FALSE,FALSE,RU,75,65
157,Typhlosion,Fire,,534,78,84,78,109,85,100,2,FALSE,FALSE,RU,85,78
176,Togetic,Fairy,Flying,405,55,40,85,80,105,40,2,FALSE,FALSE,RU,105,85
199,Slowking,Water,Psychic,490,95,75,80,100,110,30,2,FALSE,FALSE,RU,110,80
210,Granbull,Fairy,,450,90,120,75,60,60,45,2,FALSE,FALSE,RU,75,60
211,Qwilfish,Water,Poison,430,65,95,75,55,55,85,2,FALSE,FALSE,RU,75,55
215,Sneasel,Dark,Ice,430,55,95,55,35,75,115,2,FALSE,FALSE,RU,75,55
229,Houndoom,Dark,Fire,500,75,90,50,110,80,95,2,FALSE,FALSE,RU,80,50
237,Hitmontop,Fighting,,455,50,95,95,35,110,70,2,FALSE,FALSE,RU,110,95
295,Exploud,Normal,,490,104,91,63,91,73,68,3,FALSE,FALSE,RU,73,63
308,Medicham,Fighting,Psychic,410,60,60,75,60,75,80,3,FALSE,FALSE,RU,75,75
323,Mega Camerupt,Fire,Ground,560,70,120,100,145,105,20,3,FALSE,TRUE,RU,105,100
330,Flygon,Ground,Dragon,520,80,100,80,80,80,100,3,FALSE,FALSE,RU,80,80
354,Mega Banette,Ghost,,555,64,165,75,93,83,75,3,FALSE,TRUE,RU,83,75
359,Absol,Dark,,465,65,130,60,75,60,75,3,FALSE,FALSE,RU,60,60
362,Mega Glalie,Ice,,580,80,120,80,120,80,100,3,FALSE,TRUE,RU,80,80
379,Registeel,Steel,,580,80,75,150,75,150,50,3,TRUE,FALSE,RU,150,150
424,Ambipom,Normal,,482,75,100,66,60,66,115,4,FALSE,FALSE,RU,66,66
437,Bronzong,Steel,Psychic,500,67,89,116,79,116,33,4,FALSE,FALSE,RU,116,116
442,Spiritomb,Ghost,Dark,485,50,92,108,92,108,35,4,FALSE,FALSE,RU,108,108
452,Drapion,Poison,Dark,500,70,90,110,60,75,95,4,FALSE,FALSE,RU,110,75
464,Rhyperior,Ground,Rock,535,115,140,130,55,55,40,4,FALSE,FALSE,RU,130,55
475,Gallade,Psychic,Fighting,518,68,125,65,65,115,80,4,FALSE,FALSE,RU,115,65
480,Uxie,Psychic,,580,75,75,130,75,130,95,4,TRUE,FALSE,RU,130,130
500,Emboar,Fire,Fighting,528,110,123,65,100,65,65,5,FALSE,FALSE,RU,65,65
537,Seismitoad,Water,Ground,509,105,95,75,85,75,74,5,FALSE,FALSE,RU,75,75
539,Sawk,Fighting,,465,75,125,75,30,75,85,5,FALSE,FALSE,RU,75,75
560,Scrafty,Dark,Fighting,488,65,90,115,45,115,58,5,FALSE,FALSE,RU,115,115
561,Sigilyph,Psychic,Flying,490,72,58,80,103,80,97,5,FALSE,FALSE,RU,80,80
563,Cofagrigus,Ghost,,483,58,50,145,95,105,30,5,FALSE,FALSE,RU,145,105
573,Cinccino,Normal,,470,75,95,60,65,60,115,5,FALSE,FALSE,RU,60,60
589,Escavalier,Bug,Steel,495,70,135,105,60,105,20,5,FALSE,FALSE,RU,105,105
593,Jellicent,Water,Ghost,480,100,60,70,85,105,60,5,FALSE,FALSE,RU,105,70
594,Alomomola,Water,,470,165,75,80,40,45,65,5,FALSE,FALSE,RU,80,45
604,Eelektross,Electric,,515,85,115,80,105,80,50,5,FALSE,FALSE,RU,80,80
617,Accelgor,Bug,,495,80,70,40,100,60,145,5,FALSE,FALSE,RU,60,40
621,Druddigon,Dragon,,485,77,120,90,60,90,48,5,FALSE,FALSE,RU,90,90
628,Braviary,Normal,Flying,510,100,123,75,57,75,80,5,FALSE,FALSE,RU,75,75
640,Virizion,Grass,Fighting,580,91,90,72,90,129,108,5,TRUE,FALSE,RU,129,72
655,Delphox,Fire,Psychic,534,75,69,72,114,100,104,6,FALSE,FALSE,RU,100,72
662,Fletchinder,Fire,Flying,382,62,73,55,56,52,84,6,FALSE,FALSE,RU,55,52
683,Aromatisse,Fairy,,462,101,72,72,99,89,29,6,FALSE,FALSE,RU,89,72
693,Clawitzer,Water,,500,71,73,88,120,89,59,6,FALSE,FALSE,RU,89,88
719,Diancie,Rock,Fairy,600,50,100,150,100,150,50,6,TRUE,FALSE,RU,150,150
720,Hoopa,Psychic,Ghost,600,80,110,60,150,130,70,6,TRUE,FALSE,RU,130,60
479,Meloetta,Electric,Grass,520,50,65,107,105,107,86,4,TRUE,FALSE,RU,107,107
648,Meloetta-P,Normal,Psychic,600,100,77,77,128,128,90,5,TRUE,FALSE,RU,128,77
648,Rotom-C,Normal,Fighting,600,100,128,90,77,77,128,5,FALSE,FALSE,RU,90,77
254,Sceptile,Grass,,530,70,85,65,105,85,120,3,FALSE,FALSE,BL3,85,65
6,Charizard,Fire,Flying,534,78,84,78,109,85,100,1,FALSE,FALSE,NU,85,78
28,Sandslash,Ground,,450,75,100,110,45,55,65,1,FALSE,FALSE,NU,110,55
45,Vileplume,Grass,Poison,490,75,80,85,110,90,50,1,FALSE,FALSE,NU,90,85
57,Primeape,Fighting,,455,65,105,60,60,70,95,1,FALSE,FALSE,NU,70,60
62,Poliwrath,Water,Fighting,510,90,95,95,70,90,70,1,FALSE,FALSE,NU,95,90
93,Haunter,Ghost,Poison,405,45,50,45,115,55,95,1,FALSE,FALSE,NU,55,45
107,Hitmonchan,Fighting,,455,50,105,79,35,110,76,1,FALSE,FALSE,NU,110,79
110,Weezing,Poison,,490,65,90,120,85,70,60,1,FALSE,FALSE,NU,120,70
112,Rhydon,Ground,Rock,485,105,130,120,45,45,40,1,FALSE,FALSE,NU,120,45
115,Kangaskhan,Normal,,490,105,95,80,40,80,90,1,FALSE,FALSE,NU,80,80
123,Scyther,Bug,Flying,500,70,110,80,55,80,105,1,FALSE,FALSE,NU,80,80
124,Jynx,Ice,Psychic,455,65,50,35,115,95,95,1,FALSE,FALSE,NU,95,35
127,Pinsir,Bug,,500,65,125,100,55,70,85,1,FALSE,FALSE,NU,100,70
128,Tauros,Normal,,490,75,100,95,40,70,110,1,FALSE,FALSE,NU,95,70
139,Omastar,Rock,Water,495,70,60,125,115,70,55,1,FALSE,FALSE,NU,125,70
141,Kabutops,Rock,Water,495,60,115,105,65,70,80,1,FALSE,FALSE,NU,105,70
171,Lanturn,Water,Electric,460,125,58,58,76,76,67,2,FALSE,FALSE,NU,76,58
178,Xatu,Psychic,Flying,470,65,75,70,95,70,95,2,FALSE,FALSE,NU,70,70
208,Steelix,Steel,Ground,510,75,85,200,55,65,30,2,FALSE,FALSE,NU,200,65
221,Piloswine,Ice,Ground,450,100,100,80,60,60,50,2,FALSE,FALSE,NU,80,60
226,Mantine,Water,Flying,465,65,40,70,80,140,70,2,FALSE,FALSE,NU,140,70
241,Miltank,Normal,,490,95,80,105,40,70,100,2,FALSE,FALSE,NU,105,70
272,Ludicolo,Water,Grass,480,80,70,70,90,100,70,3,FALSE,FALSE,NU,100,70
275,Shiftry,Grass,Dark,480,90,100,60,90,60,80,3,FALSE,FALSE,NU,60,60
277,Swellow,Normal,Flying,430,60,85,60,50,50,125,3,FALSE,FALSE,NU,60,50
297,Hariyama,Fighting,,474,144,120,60,40,60,50,3,FALSE,FALSE,NU,60,60
306,Aggron,Steel,Rock,530,70,110,180,60,60,50,3,FALSE,FALSE,NU,180,60
310,Manectric,Electric,,475,70,75,60,105,60,105,3,FALSE,FALSE,NU,60,60
335,Zangoose,Normal,,458,73,115,60,60,60,90,3,FALSE,FALSE,NU,60,60
344,Claydol,Ground,Psychic,500,60,70,105,70,120,75,3,FALSE,FALSE,NU,120,105
346,Cradily,Rock,Grass,495,86,81,97,81,107,43,3,FALSE,FALSE,NU,107,97
352,Kecleon,Normal,,440,60,90,70,60,120,40,3,FALSE,FALSE,NU,120,70
377,Regirock,Rock,,580,80,100,200,50,100,50,3,TRUE,FALSE,NU,200,100
389,Torterra,Grass,Ground,525,95,109,105,75,85,56,4,FALSE,FALSE,NU,105,85
423,Gastrodon,Water,Ground,475,111,83,68,92,82,39,4,FALSE,FALSE,NU,82,68
429,Mismagius,Ghost,,495,60,60,60,105,105,105,4,FALSE,FALSE,NU,105,60
435,Skuntank,Poison,Dark,479,103,93,67,71,61,84,4,FALSE,FALSE,NU,67,61
460,Abomasnow,Grass,Ice,494,90,92,75,92,85,60,4,FALSE,FALSE,NU,85,75
466,Electivire,Electric,,540,75,123,67,95,85,95,4,FALSE,FALSE,NU,85,67
467,Magmortar,Fire,,540,75,95,67,125,95,83,4,FALSE,FALSE,NU,95,67
481,Mesprit,Psychic,,580,80,105,105,105,105,80,4,TRUE,FALSE,NU,105,105
503,Samurott,Water,,528,95,100,85,108,70,70,5,FALSE,FALSE,NU,85,70
510,Liepard,Dark,,446,64,88,50,88,50,106,5,FALSE,FALSE,NU,50,50
531,Mega Audino,Normal,Fairy,545,103,60,126,80,126,50,5,FALSE,TRUE,NU,126,126
533,Gurdurr,Fighting,,405,85,105,85,40,50,40,5,FALSE,FALSE,NU,85,50
549,Lilligant,Grass,,480,70,60,75,110,75,90,5,FALSE,FALSE,NU,75,75
567,Archeops,Rock,Flying,567,75,140,65,112,65,110,5,FALSE,FALSE,NU,65,65
569,Garbodor,Poison,,474,80,95,82,60,82,75,5,FALSE,FALSE,NU,82,82
597,Ferroseed,Grass,Steel,305,44,50,91,24,86,10,5,FALSE,FALSE,NU,91,86
601,Klinklang,Steel,,520,60,100,115,70,85,90,5,FALSE,FALSE,NU,115,85
623,Golurk,Ground,Ghost,483,89,124,80,55,80,55,5,FALSE,FALSE,NU,80,80
666,Vivillon,Bug,Flying,411,80,52,50,90,50,89,6,FALSE,FALSE,NU,50,50
668,Pyroar,Fire,Normal,507,86,68,72,109,66,106,6,FALSE,FALSE,NU,72,66
687,Malamar,Dark,Psychic,482,86,92,88,68,75,73,6,FALSE,FALSE,NU,88,75
689,Barbaracle,Rock,Water,500,72,105,115,54,86,68,6,FALSE,FALSE,NU,115,86
699,Aurorus,Rock,Ice,521,123,77,72,99,92,58,6,FALSE,FALSE,NU,92,72
479,Rotom,Electric,Ghost,440,50,50,77,95,77,91,4,FALSE,FALSE,NU,77,77
67,Machoke,Fighting,,405,80,100,70,50,60,45,1,FALSE,FALSE,BL4,70,60
71,Victreebel,Grass,Poison,490,80,105,65,100,70,70,1,FALSE,FALSE,BL4,70,65
103,Exeggutor,Grass,Psychic,520,95,95,85,125,65,55,1,FALSE,FALSE,BL4,85,65
264,Linoone,Normal,,420,78,70,61,50,61,100,3,FALSE,FALSE,BL4,61,61
288,Vigoroth,Normal,,440,80,80,80,55,55,90,3,FALSE,FALSE,BL4,80,55
518,Musharna,Psychic,,487,116,55,85,107,95,29,5,FALSE,FALSE,BL4,95,85
538,Throh,Fighting,,465,120,100,85,30,85,45,5,FALSE,FALSE,BL4,85,85
565,Carracosta,Water,Rock,495,74,108,133,83,65,32,5,FALSE,FALSE,BL4,133,65
8,Wartortle,Water,,405,59,63,80,65,80,58,1,FALSE,FALSE,PU,80,80
12,Butterfree,Bug,Flying,395,60,45,50,90,80,70,1,FALSE,FALSE,PU,80,50
15,Beedrill,Bug,Poison,395,65,90,40,45,80,75,1,FALSE,FALSE,PU,80,40
18,Pidgeot,Normal,Flying,479,83,80,75,70,70,101,1,FALSE,FALSE,PU,75,70
20,Raticate,Normal,,413,55,81,60,50,70,97,1,FALSE,FALSE,PU,70,60
22,Fearow,Normal,Flying,442,65,90,65,61,61,100,1,FALSE,FALSE,PU,65,61
24,Arbok,Poison,,438,60,85,69,65,79,80,1,FALSE,FALSE,PU,79,69
26,Raichu,Electric,,485,60,90,55,90,80,110,1,FALSE,FALSE,PU,80,55
35,Clefairy,Fairy,,323,70,45,48,60,65,35,1,FALSE,FALSE,PU,65,48
38,Ninetales,Fire,,505,73,76,75,81,100,100,1,FALSE,FALSE,PU,100,75
40,Wigglytuff,Normal,Fairy,435,140,70,45,85,50,45,1,FALSE,FALSE,PU,50,45
47,Parasect,Bug,Grass,405,60,95,80,60,80,30,1,FALSE,FALSE,PU,80,80
53,Persian,Normal,,440,65,70,60,65,65,115,1,FALSE,FALSE,PU,65,60
55,Golduck,Water,,500,80,82,78,95,80,85,1,FALSE,FALSE,PU,80,78
64,Kadabra,Psychic,,400,40,35,30,120,70,105,1,FALSE,FALSE,PU,70,30
76,Golem,Rock,Ground,495,80,120,130,55,65,45,1,FALSE,FALSE,PU,130,65
78,Rapidash,Fire,,500,65,100,70,80,80,105,1,FALSE,FALSE,PU,80,70
83,Farfetch'd,Normal,Flying,352,52,65,55,58,62,60,1,FALSE,FALSE,PU,62,55
85,Dodrio,Normal,Flying,460,60,110,70,60,60,100,1,FALSE,FALSE,PU,70,60
87,Dewgong,Water,Ice,475,90,70,80,70,95,70,1,FALSE,FALSE,PU,95,80
89,Muk,Poison,,500,105,105,75,65,100,50,1,FALSE,FALSE,PU,100,75
97,Hypno,Psychic,,483,85,73,70,73,115,67,1,FALSE,FALSE,PU,115,70
99,Kingler,Water,,475,55,130,115,50,50,75,1,FALSE,FALSE,PU,115,50
101,Electrode,Electric,,480,60,50,70,80,80,140,1,FALSE,FALSE,PU,80,70
105,Marowak,Ground,,425,60,80,110,50,80,45,1,FALSE,FALSE,PU,110,80
114,Tangela,Grass,,435,65,55,115,100,40,60,1,FALSE,FALSE,PU,115,40
119,Seaking,Water,,450,80,92,65,65,80,68,1,FALSE,FALSE,PU,80,65
122,Mr. Mime,Psychic,Fairy,460,40,45,65,100,120,90,1,FALSE,FALSE,PU,120,65
131,Lapras,Water,Ice,535,130,85,80,85,95,60,1,FALSE,FALSE,PU,95,80
132,Ditto,Normal,,288,48,48,48,48,48,48,1,FALSE,FALSE,PU,48,48
136,Flareon,Fire,,525,65,130,60,95,110,65,1,FALSE,FALSE,PU,110,60
144,Articuno,Ice,Flying,580,90,85,100,95,125,85,1,TRUE,FALSE,PU,125,100
148,Dragonair,Dragon,,420,61,84,65,70,70,70,1,FALSE,FALSE,PU,70,65
154,Meganium,Grass,,525,80,82,100,83,100,80,2,FALSE,TRUE,PU,100,100
162,Furret,Normal,,415,85,76,64,45,55,90,2,FALSE,FALSE,PU,64,55
164,Noctowl,Normal,Flying,442,100,50,50,76,96,70,2,FALSE,FALSE,PU,96,50
166,Ledian,Bug,Flying,390,55,35,50,55,110,85,2,FALSE,FALSE,PU,110,50
168,Ariados,Bug,Poison,390,70,90,70,60,60,40,2,FALSE,FALSE,PU,70,60
181,Ampharos,Electric,,510,90,75,85,115,90,55,2,FALSE,FALSE,PU,90,85
182,Bellossom,Grass,,490,75,80,95,90,100,50,2,FALSE,FALSE,PU,100,95
185,Sudowoodo,Rock,,410,70,100,115,30,65,30,2,FALSE,FALSE,PU,115,65
186,Politoed,Water,,500,90,75,75,90,100,70,2,FALSE,FALSE,PU,100,75
189,Jumpluff,Grass,Flying,460,75,55,70,55,95,110,2,FALSE,FALSE,PU,95,70
192,Sunflora,Grass,,425,75,75,55,105,85,30,2,FALSE,FALSE,PU,85,55
195,Quagsire,Water,Ground,430,95,85,85,65,65,35,2,FALSE,FALSE,PU,85,65
198,Murkrow,Dark,Flying,405,60,85,42,85,42,91,2,FALSE,FALSE,PU,42,42
200,Misdreavus,Ghost,,435,60,60,60,85,85,85,2,FALSE,FALSE,PU,85,60
201,Unown,Psychic,,336,48,72,48,72,48,48,2,FALSE,FALSE,PU,48,48
202,Wobbuffet,Psychic,,405,190,33,58,33,58,33,2,FALSE,FALSE,PU,58,58
203,Girafarig,Normal,Psychic,455,70,80,65,90,65,85,2,FALSE,FALSE,PU,65,65
206,Dunsparce,Normal,,415,100,70,70,65,65,45,2,FALSE,FALSE,PU,70,65
217,Ursaring,Normal,,500,90,130,75,75,75,55,2,FALSE,FALSE,PU,75,75
219,Magcargo,Fire,Rock,410,50,50,120,80,80,30,2,FALSE,FALSE,PU,120,80
222,Corsola,Water,Rock,380,55,55,85,65,85,35,2,FALSE,FALSE,PU,85,85
224,Octillery,Water,,480,75,105,75,105,75,45,2,FALSE,FALSE,PU,75,75
225,Delibird,Ice,Flying,330,45,55,45,65,45,75,2,FALSE,FALSE,PU,45,45
234,Stantler,Normal,,465,73,95,62,85,65,85,2,FALSE,FALSE,PU,65,62
235,Smeargle,Normal,,250,55,20,35,20,45,75,2,FALSE,FALSE,PU,45,35
256,Combusken,Fire,Fighting,405,60,85,60,85,60,55,3,FALSE,FALSE,PU,60,60
262,Mightyena,Dark,,420,70,90,70,60,60,70,3,FALSE,FALSE,PU,70,60
267,Beautifly,Bug,Flying,395,60,70,50,100,50,65,3,FALSE,FALSE,PU,50,50
269,Dustox,Bug,Poison,385,60,50,70,50,90,65,3,FALSE,FALSE,PU,90,70
279,Pelipper,Water,Flying,430,60,50,100,85,70,65,3,FALSE,FALSE,PU,100,70
284,Masquerain,Bug,Flying,414,70,60,62,80,82,60,3,FALSE,FALSE,PU,82,62
289,Slaking,Normal,,670,150,160,100,95,65,100,3,FALSE,FALSE,PU,100,65
291,Ninjask,Bug,Flying,456,61,90,45,50,50,160,3,FALSE,FALSE,PU,50,45
292,Shedinja,Bug,Ghost,236,1,90,45,30,30,40,3,FALSE,FALSE,PU,45,30
301,Delcatty,Normal,,380,70,65,65,55,55,70,3,FALSE,FALSE,PU,65,55
303,Mawile,Steel,Fairy,380,50,85,85,55,55,50,3,FALSE,FALSE,PU,85,55
311,Plusle,Electric,,405,60,50,40,85,75,95,3,FALSE,FALSE,PU,75,40
312,Minun,Electric,,405,60,40,50,75,85,95,3,FALSE,FALSE,PU,85,50
313,Volbeat,Bug,,400,65,73,55,47,75,85,3,FALSE,FALSE,PU,75,55
314,Illumise,Bug,,400,65,47,55,73,75,85,3,FALSE,FALSE,PU,75,55
315,Roselia,Grass,Poison,400,50,60,45,100,80,65,3,FALSE,FALSE,PU,80,45
317,Swalot,Poison,,467,100,73,83,73,83,55,3,FALSE,FALSE,PU,83,83
321,Wailord,Water,,500,170,90,45,90,45,60,3,FALSE,FALSE,PU,45,45
323,Camerupt,Fire,Ground,460,70,100,70,105,75,40,3,FALSE,FALSE,PU,75,70
324,Torkoal,Fire,,470,70,85,140,85,70,20,3,FALSE,FALSE,PU,140,70
326,Grumpig,Psychic,,470,80,45,65,90,110,80,3,FALSE,FALSE,PU,110,65
327,Spinda,Normal,,360,60,60,60,60,60,60,3,FALSE,FALSE,PU,60,60
329,Vibrava,Ground,Dragon,340,50,70,50,50,50,70,3,FALSE,FALSE,PU,50,50
332,Cacturne,Grass,Dark,475,70,115,60,115,60,55,3,FALSE,FALSE,PU,60,60
334,Altaria,Dragon,Flying,490,75,70,90,70,105,80,3,FALSE,FALSE,PU,105,90
336,Seviper,Poison,,458,73,100,60,100,60,65,3,FALSE,FALSE,PU,60,60
337,Lunatone,Rock,Psychic,440,70,55,65,95,85,70,3,FALSE,FALSE,PU,85,65
338,Solrock,Rock,Psychic,440,70,95,85,55,65,70,3,FALSE,FALSE,PU,85,65
340,Whiscash,Water,Ground,468,110,78,73,76,71,60,3,FALSE,FALSE,PU,73,71
348,Armaldo,Rock,Bug,495,75,125,100,70,80,45,3,FALSE,FALSE,PU,100,80
351,Castform,Normal,,420,70,70,70,70,70,70,3,FALSE,FALSE,PU,70,70
354,Banette,Ghost,,455,64,115,65,83,63,65,3,FALSE,FALSE,PU,65,63
356,Dusclops,Ghost,,455,40,70,130,60,130,25,3,FALSE,FALSE,PU,130,130
357,Tropius,Grass,Flying,460,99,68,83,72,87,51,3,FALSE,FALSE,PU,87,83
358,Chimecho,Psychic,,425,65,50,70,95,80,65,3,FALSE,FALSE,PU,80,70
362,Glalie,Ice,,480,80,80,80,80,80,80,3,FALSE,FALSE,PU,80,80
365,Walrein,Ice,Water,530,110,80,90,95,90,65,3,FALSE,FALSE,PU,90,90
367,Huntail,Water,,485,55,104,105,94,75,52,3,FALSE,FALSE,PU,105,75
368,Gorebyss,Water,,485,55,84,105,114,75,52,3,FALSE,FALSE,PU,105,75
369,Relicanth,Water,Rock,485,100,90,130,45,65,55,3,FALSE,FALSE,PU,130,65
370,Luvdisc,Water,,330,43,30,55,40,65,97,3,FALSE,FALSE,PU,65,55
375,Metang,Steel,Psychic,420,60,75,100,55,80,50,3,FALSE,FALSE,PU,100,80
378,Regice,Ice,,580,80,50,100,100,200,50,3,TRUE,FALSE,PU,200,100
391,Monferno,Fire,Fighting,405,64,78,52,78,52,81,4,FALSE,FALSE,PU,52,52
394,Prinplup,Water,,405,64,66,68,81,76,50,4,FALSE,FALSE,PU,76,68
400,Bibarel,Normal,Water,410,79,85,60,55,60,71,4,FALSE,FALSE,PU,60,60
402,Kricketune,Bug,,384,77,85,51,55,51,65,4,FALSE,FALSE,PU,51,51
405,Luxray,Electric,,523,80,120,79,95,79,70,4,FALSE,FALSE,PU,79,79
409,Rampardos,Rock,,495,97,165,60,65,50,58,4,FALSE,FALSE,PU,60,50
411,Bastiodon,Rock,Steel,495,60,52,168,47,138,30,4,FALSE,FALSE,PU,168,138
414,Mothim,Bug,Flying,424,70,94,50,94,50,66,4,FALSE,FALSE,PU,50,50
416,Vespiquen,Bug,Flying,474,70,80,102,80,102,40,4,FALSE,FALSE,PU,102,102
417,Pachirisu,Electric,,405,60,45,70,45,90,95,4,FALSE,FALSE,PU,90,70
419,Floatzel,Water,,495,85,105,55,85,50,115,4,FALSE,FALSE,PU,55,50
421,Cherrim,Grass,,450,70,60,70,87,78,85,4,FALSE,FALSE,PU,78,70
426,Drifblim,Ghost,Flying,498,150,80,44,90,54,80,4,FALSE,FALSE,PU,54,44
428,Lopunny,Normal,,480,65,76,84,54,96,105,4,FALSE,FALSE,PU,96,84
432,Purugly,Normal,,452,71,82,64,64,59,112,4,FALSE,FALSE,PU,64,59
441,Chatot,Normal,Flying,411,76,65,45,92,42,91,4,FALSE,FALSE,PU,45,42
444,Gabite,Dragon,Ground,410,68,90,65,50,55,82,4,FALSE,FALSE,PU,65,55
455,Carnivine,Grass,,454,74,100,72,90,72,46,4,FALSE,FALSE,PU,72,72
457,Lumineon,Water,,460,69,69,76,69,86,91,4,FALSE,FALSE,PU,86,76
463,Lickilicky,Normal,,515,110,85,95,80,95,50,4,FALSE,FALSE,PU,95,95
470,Leafeon,Grass,,525,65,110,130,60,65,95,4,FALSE,FALSE,PU,130,65
471,Glaceon,Ice,,525,65,60,110,130,95,65,4,FALSE,FALSE,PU,110,95
476,Probopass,Rock,Steel,525,60,55,145,75,150,40,4,FALSE,FALSE,PU,150,145
477,Dusknoir,Ghost,,525,45,100,135,65,135,45,4,FALSE,FALSE,PU,135,135
486,Regigigas,Normal,,670,110,160,110,80,110,100,4,TRUE,FALSE,PU,110,110
489,Phione,Water,,480,80,80,80,80,80,80,4,TRUE,FALSE,PU,80,80
496,Servine,Grass,,413,60,60,75,60,75,83,5,FALSE,FALSE,PU,75,75
505,Watchog,Normal,,420,60,85,69,60,69,77,5,FALSE,FALSE,PU,69,69
508,Stoutland,Normal,,500,85,110,90,45,90,80,5,FALSE,FALSE,PU,90,90
512,Simisage,Grass,,498,75,98,63,98,63,101,5,FALSE,FALSE,PU,63,63
514,Simisear,Fire,,498,75,98,63,98,63,101,5,FALSE,FALSE,PU,63,63
516,Simipour,Water,,498,75,98,63,98,63,101,5,FALSE,FALSE,PU,63,63
521,Unfezant,Normal,Flying,488,80,115,80,65,55,93,5,FALSE,FALSE,PU,80,55
523,Zebstrika,Electric,,497,75,100,63,80,63,116,5,FALSE,FALSE,PU,63,63
526,Gigalith,Rock,,515,85,135,130,60,80,25,5,FALSE,FALSE,PU,130,80
528,Swoobat,Psychic,Flying,425,67,57,55,77,55,114,5,FALSE,FALSE,PU,55,55
531,Audino,Normal,,445,103,60,86,60,86,50,5,FALSE,FALSE,PU,86,86
542,Leavanny,Bug,Grass,500,75,103,80,70,80,92,5,FALSE,FALSE,PU,80,80
550,Basculin,Water,,460,70,92,65,80,55,98,5,FALSE,FALSE,PU,65,55
552,Krokorok,Ground,Dark,351,60,82,45,45,45,74,5,FALSE,FALSE,PU,45,45
556,Maractus,Grass,,461,75,86,67,106,67,60,5,FALSE,FALSE,PU,67,67
558,Crustle,Bug,Rock,475,70,95,125,65,75,45,5,FALSE,FALSE,PU,125,75
576,Gothitelle,Psychic,,490,70,55,95,95,110,65,5,FALSE,FALSE,PU,110,95
578,Duosion,Psychic,,370,65,40,50,125,60,30,5,FALSE,FALSE,PU,60,50
581,Swanna,Water,Flying,473,75,87,63,87,63,98,5,FALSE,FALSE,PU,63,63
584,Vanilluxe,Ice,,535,71,95,85,110,95,79,5,FALSE,FALSE,PU,95,85
586,Sawsbuck,Normal,Grass,475,80,100,70,60,70,95,5,FALSE,FALSE,PU,70,70
587,Emolga,Electric,Flying,428,55,75,60,75,60,103,5,FALSE,FALSE,PU,60,60
600,Klang,Steel,,440,60,80,95,70,85,50,5,FALSE,FALSE,PU,95,85
606,Beheeyem,Psychic,,485,75,75,75,125,95,40,5,FALSE,FALSE,PU,95,75
611,Fraxure,Dragon,,410,66,117,70,40,50,67,5,FALSE,FALSE,PU,70,50
614,Beartic,Ice,,485,95,110,80,70,80,50,5,FALSE,FALSE,PU,80,80
615,Cryogonal,Ice,,485,70,50,30,95,135,105,5,FALSE,FALSE,PU,135,30
618,Stunfisk,Ground,Electric,471,109,66,84,81,99,32,5,FALSE,FALSE,PU,99,84
624,Pawniard,Dark,Steel,340,45,85,70,40,40,60,5,FALSE,FALSE,PU,70,40
626,Bouffalant,Normal,,490,95,110,95,40,95,55,5,FALSE,FALSE,PU,95,95
629,Vullaby,Dark,Flying,370,70,55,75,45,65,60,5,FALSE,FALSE,PU,75,65
631,Heatmor,Fire,,484,85,97,66,105,66,65,5,FALSE,FALSE,PU,66,66
634,Zweilous,Dark,Dragon,420,72,85,70,65,70,58,5,FALSE,FALSE,PU,70,70
651,Quilladin,Grass,,405,61,78,95,56,58,57,6,FALSE,FALSE,PU,95,58
673,Gogoat,Grass,,531,123,100,62,97,81,68,6,FALSE,FALSE,PU,81,62
676,Furfrou,Normal,,472,75,80,60,65,90,102,6,FALSE,FALSE,PU,90,60
702,Dedenne,Electric,Fairy,431,67,58,57,81,67,101,6,FALSE,FALSE,PU,67,57
703,Carbink,Rock,Fairy,500,50,50,150,50,150,50,6,FALSE,FALSE,PU,150,150
705,Sliggoo,Dragon,,452,68,75,53,83,113,60,6,FALSE,FALSE,PU,113,53
709,Trevenant,Ghost,Grass,474,85,110,76,65,82,56,6,FALSE,FALSE,PU,82,76
713,Avalugg,Ice,,514,95,117,184,44,46,28,6,FALSE,FALSE,PU,184,46
711,Gourgeist,Ghost,Grass,494,65,90,122,58,75,84,6,FALSE,FALSE,PU,122,75
711,Gourgeist-Small,Ghost,Grass,494,55,85,122,58,75,99,6,FALSE,FALSE,PU,122,75
711,Gourgeist-Large,Ghost,Grass,494,75,95,122,58,75,69,6,FALSE,FALSE,PU,122,75
711,Gourgeist-Super,Ghost,Grass,494,85,100,122,58,75,54,6,FALSE,FALSE,PU,122,75
678,Meowstic-M,Psychic,,466,74,48,76,83,81,104,6,FALSE,FALSE,PU,81,76
678,Meowstic-F,Psychic,,466,74,48,76,83,81,104,6,FALSE,FALSE,PU,81,76
479,Rotom-F,Electric,Ice,520,50,65,107,105,107,86,4,FALSE,FALSE,PU,107,107
479,Rotom-S,Electric,Flying,520,50,65,107,105,107,86,4,FALSE,FALSE,PU,107,107
413,Wormadam-Plant,Bug,Grass,424,60,59,85,79,105,36,4,FALSE,FALSE,PU,105,85
413,Wormadam-Sandy,Bug,Ground,424,60,79,105,59,85,36,4,FALSE,FALSE,PU,105,85
413,Wormadam-Trash,Bug,Steel,424,60,69,95,69,95,36,4,FALSE,FALSE,PU,95,95